ID,class
1,0.079594921
2,2.00E-03
3,0.017981271
4,0.004940682
5,1.80E-03
6,2.41E-03
7,0.073082476
8,0.00738224
9,0.011669149
10,0.038502465
11,2.75E-03
12,0.013982798
13,3.44E-03
14,0.003522185
15,0.003111906
16,4.92E-03
17,0.002526144
18,3.00E-03
19,2.23E-03
20,2.99E-03
21,2.25E-03
22,0.048086384
23,0.02300217
24,0.008846549
25,0.058467077
26,0.015545553
27,0.047233932
28,0.011906685
29,0.032212644
30,0.005764976
31,2.32E-03
32,0.00237773
33,0.002102923
34,2.58E-03
35,0.017663328
36,0.014281258
37,0.011678699
38,0.006087013
39,0.090699934
40,2.29E-03
41,0.034589279
42,0.007303337
43,0.016698323
44,0.04912999
45,0.008489252
46,0.002551534
47,3.35E-03
48,0.013827852
49,5.08E-03
50,0.002363044
51,3.01E-03
52,0.005795825
53,2.22E-03
54,0.129524858
55,0.007290105
56,2.03E-03
57,0.002297207
58,3.76E-03
59,2.06E-03
60,0.007517919
61,4.48E-03
62,0.009702878
63,2.07E-03
64,0.010746122
65,2.80E-03
66,2.01E-03
67,0.003085422
68,2.56E-03
69,2.36E-03
70,0.004843082
71,0.013619823
72,0.009206228
73,0.013305327
74,0.031237518
75,0.003280273
76,0.032547997
77,3.25E-03
78,2.07E-03
79,2.01E-03
80,0.003173015
81,2.71E-03
82,3.79E-03
83,0.014004943
84,2.91E-03
85,2.03E-03
86,0.00201879
87,0.011207044
88,0.015832211
89,0.002034647
90,4.83E-03
91,0.002656551
92,0.06113416
93,0.010035931
94,2.86E-03
95,0.007197083
96,0.022309811
97,0.023404769
98,5.79E-03
99,0.010808766
100,2.82E-03
101,6.63E-03
102,0.012120603
103,3.02E-03
104,2.04E-03
105,2.00E-03
106,0.00940174
107,2.30E-03
108,2.79E-03
109,0.035277439
110,0.0028612
111,2.22E-03
112,0.015189107
113,0.012754504
114,0.011222929
115,3.68E-03
116,3.81E-02
117,0.002033426
118,0.08910415
119,0.009457243
120,4.48E-03
121,0.007947522
122,3.22E-03
123,5.20E-03
124,0.013516399
125,0.022204353
126,0.012761549
127,3.20E-03
128,0.002985914
129,0.002093058
130,2.80E-03
131,2.48E-03
132,0.00763623
133,0.002275745
134,0.094447467
135,0.002709784
136,3.76E-03
137,2.23E-03
138,0.015683534
139,2.58E-03
140,2.12E-03
141,2.36E-03
142,0.024586831
143,0.01312081
144,2.89E-03
145,2.44E-03
146,0.040092952
147,0.026329171
148,5.54E-03
149,0.00654682
150,3.16E-03
151,0.018810494
152,0.033244629
153,3.02E-03
154,0.017090192
155,2.44E-03
156,0.002750295
157,2.13E-03
158,2.01E-03
159,0.110288599
160,0.010887577
161,0.009105605
162,2.48E-03
163,0.00718754
164,0.009101655
165,2.81E-03
166,0.01093136
167,1.88E-03
168,0.011433955
169,2.05E-03
170,2.55E-03
171,2.21E-03
172,2.26E-03
173,7.24E-03
174,0.005732466
175,0.008948884
176,2.00E-03
177,0.017476143
178,0.00592065
179,2.27E-03
180,2.07E-03
181,2.02E-03
182,0.006503411
183,0.007260208
184,0.005858381
185,0.014398926
186,0.016861641
187,0.017357265
188,3.01E-03
189,0.00196491
190,2.49E-03
191,0.024153511
192,0.015226305
193,0.007057796
194,0.013751994
195,4.78E-03
196,0.041474423
197,3.50E-03
198,0.007191522
199,0.014430571
200,9.79E-03
201,2.00E-03
202,2.00E-03
203,2.04E-03
204,0.015312849
205,4.94E-03
206,4.70E-03
207,0.005920758
208,2.72E-03
209,0.091237139
210,5.25E-03
211,0.002199724
212,2.06E-03
213,2.87E-03
214,1.98E-03
215,4.71E-03
216,2.97E-03
217,0.006818908
218,0.017201286
219,0.021450231
220,0.030964666
221,0.006157693
222,0.358477508
223,0.009284143
224,0.007410997
225,0.016935737
226,0.002137559
227,0.004911116
228,0.560177079
229,2.63E-03
230,2.05E-03
231,2.53E-03
232,2.04E-03
233,0.009748052
234,0.002301616
235,0.006608376
236,0.018211586
237,3.90E-03
238,0.012669049
239,3.15E-02
240,0.01874337
241,0.016570047
242,0.211680095
243,0.11524215
244,2.88E-03
245,3.87E-03
246,0.004871479
247,0.002002326
248,0.010765563
249,2.97E-03
250,2.72E-03
251,4.02E-03
252,3.15E-03
253,0.015735055
254,0.04301299
255,0.002704406
256,2.97E-03
257,0.014138002
258,0.168130704
259,2.10E-03
260,0.002293714
261,0.065289324
262,2.84E-03
263,0.016841526
264,0.057773832
265,0.002320529
266,0.048987138
267,2.49E-03
268,2.01E-02
269,0.0082673
270,2.00E-03
271,0.016756564
272,2.79E-03
273,2.36E-03
274,0.002002326
275,0.004873627
276,0.018912539
277,3.06E-03
278,0.00803385
279,0.003921386
280,2.32E-03
281,2.00E-03
282,2.03E-03
283,2.58E-03
284,2.06E-03
285,0.008934316
286,1.99E-03
287,0.011476983
288,0.006207068
289,2.74E-03
290,2.00E-03
291,3.46E-03
292,0.002071006
293,0.002929393
294,0.017243642
295,0.006289098
296,5.43E-03
297,3.72E-03
298,2.61E-03
299,0.011101146
300,0.007670525
301,0.006737929
302,2.49E-03
303,0.002057424
304,3.25E-03
305,0.015111259
306,0.00785266
307,0.003070179
308,2.31E-02
309,2.42E-03
310,0.014850052
311,0.010034877
312,0.012968453
313,2.28E-03
314,2.53E-03
315,3.40E-03
316,9.03E-03
317,2.23E-03
318,0.027525484
319,2.00E-03
320,0.003329492
321,0.046078221
322,0.00240577
323,0.002232663
324,0.016802934
325,0.010804654
326,0.00484699
327,3.54E-03
328,2.77E-03
329,0.008744882
330,0.005754126
331,2.15E-03
332,0.114221276
333,2.71E-03
334,0.005581209
335,0.014125754
336,6.83E-03
337,0.00765946
338,0.010389819
339,0.011464
340,0.010080165
341,3.30E-03
342,2.56E-03
343,0.00953192
344,4.94E-03
345,3.47E-03
346,0.003091126
347,0.007787323
348,0.035322933
349,0.00566044
350,0.002151698
351,2.32E-03
352,0.005427195
353,2.61E-03
354,0.005793843
355,2.55E-03
356,4.53E-03
357,3.49E-03
358,0.006587031
359,0.010399623
360,3.21E-03
361,1.98E-03
362,2.33E-03
363,0.021204299
364,2.10E-03
365,0.039496877
366,0.038006768
367,0.012107313
368,1.98E-03
369,2.44E-03
370,0.005795787
371,0.030857475
372,3.65E-03
373,2.62E-03
374,0.002162542
375,2.44E-03
376,2.84E-03
377,0.004980088
378,2.70E-03
379,2.07E-03
380,0.011730482
381,3.05E-03
382,3.48E-03
383,2.50E-03
384,2.45E-03
385,0.003437601
386,0.013502238
387,4.16E-03
388,0.008006453
389,2.92E-03
390,0.015590648
391,0.051382378
392,0.046796425
393,2.34E-03
394,0.009783861
395,4.16E-03
396,0.020109672
397,0.00579777
398,0.010869924
399,0.011479243
400,2.90E-03
401,2.60E-02
402,0.002641685
403,2.00E-03
404,0.005157307
405,0.041970461
406,0.071405029
407,2.70E-03
408,0.003092492
409,0.038313186
410,3.26E-03
411,3.44E-03
412,0.016526503
413,0.52115672
414,0.003013306
415,2.78E-03
416,0.002433417
417,2.42E-03
418,0.064451288
419,3.01E-03
420,0.005925679
421,0.004804517
422,2.72E-03
423,3.00E-03
424,0.002127966
425,2.85E-03
426,0.017278069
427,0.017487625
428,0.002231696
429,2.09E-03
430,0.007987887
431,2.67E-03
432,0.014646354
433,7.74E-02
434,1.82E-01
435,0.028352804
436,2.72E-03
437,0.006784568
438,0.166442315
439,3.48E-03
440,0.002128013
441,2.81E-03
442,9.62E-03
443,0.002384876
444,2.92E-03
445,0.012986301
446,0.018311727
447,2.49E-03
448,3.21E-03
449,0.016147756
450,2.88E-03
451,2.45E-03
452,3.18E-03
453,3.19E-03
454,0.003236285
455,2.68E-03
456,0.002140039
457,3.03E-03
458,0.003988454
459,0.007421295
460,0.003934615
461,0.002408367
462,4.78E-03
463,0.010979414
464,2.20E-03
465,6.52E-03
466,2.62E-03
467,3.44E-03
468,0.00282872
469,2.16E-03
470,0.026519695
471,0.065749849
472,5.30E-03
473,0.006876516
474,0.011703957
475,0.021925465
476,4.75E-03
477,2.55E-03
478,0.007075941
479,0.008239167
480,0.008676442
481,0.010219059
482,2.44E-03
483,0.009130138
484,0.520925524
485,0.040643721
486,0.147027226
487,3.06E-03
488,2.09E-03
489,0.007890003
490,0.011430598
491,2.57E-03
492,2.09E-03
493,3.34E-03
494,0.034675178
495,2.83E-03
496,0.007158623
497,2.19E-03
498,2.20E-03
499,0.00445164
500,2.75E-03
501,0.007986765
502,2.09E-02
503,3.19E-03
504,3.26E-03
505,2.20E-03
506,2.65E-03
507,0.132171393
508,2.59E-03
509,0.043770476
510,0.016806402
511,0.001997834
512,2.93E-03
513,0.054536588
514,2.78E-03
515,0.026169634
516,0.002046297
517,0.013088095
518,2.91E-03
519,3.99E-02
520,0.040594304
521,5.79E-03
522,0.015302171
523,2.44E-03
524,0.023741018
525,2.91E-03
526,0.005920779
527,0.039343271
528,0.037534228
529,0.016948321
530,0.008485035
531,0.146771052
532,2.58E-03
533,0.104137885
534,2.12E-03
535,0.045054609
536,0.003919261
537,0.005063043
538,0.002229658
539,3.01E-03
540,0.007805342
541,0.003549379
542,2.49E-03
543,0.01444647
544,0.040296582
545,2.30E-03
546,0.008218975
547,3.18E-03
548,0.015669452
549,0.010748527
550,0.010542762
551,2.63E-03
552,0.013841964
553,0.010027261
554,2.10E-03
555,0.125636615
556,4.09E-03
557,2.58E-03
558,0.005796196
559,2.25E-03
560,0.012254731
561,0.014401447
562,0.005795649
563,0.009552242
564,3.05E-03
565,0.002451625
566,0.059516659
567,3.44E-03
568,0.012991905
569,0.002069745
570,5.02E-03
571,2.36E-03
572,2.51E-03
573,3.82E-03
574,2.98E-03
575,0.012627223
576,0.009693711
577,0.007751954
578,2.79E-03
579,0.002093019
580,0.237402911
581,0.005879845
582,3.37E-03
583,0.002043246
584,2.90E-03
585,0.008847232
586,0.016309854
587,0.009348263
588,2.61E-03
589,2.14E-03
590,0.005788375
591,0.044586477
592,9.00E-02
593,2.03E-03
594,4.59E-03
595,1.93E-03
596,0.006087186
597,0.005145741
598,0.015472696
599,2.74E-03
600,0.513739795
601,2.18E-03
602,5.91E-02
603,0.071567939
604,2.94E-03
605,0.028921177
606,0.080990995
607,2.74E-03
608,2.02E-03
609,0.04212106
610,0.002990676
611,2.02E-03
612,0.093628618
613,0.002497905
614,0.002046741
615,0.026466781
616,0.01254808
617,0.004478919
618,0.02599408
619,0.006871171
620,0.012627542
621,2.96E-03
622,0.005810956
623,0.016020166
624,0.002347532
625,0.007687245
626,0.016658605
627,0.008290087
628,0.008917006
629,0.014146585
630,2.57E-03
631,0.002231256
632,4.18E-03
633,0.019981732
634,0.081432657
635,3.00E-03
636,0.006373515
637,3.34E-03
638,0.023776283
639,6.69E-03
640,0.002823343
641,0.006140074
642,2.19E-03
643,0.017659399
644,7.19E-03
645,0.008476716
646,2.23E-03
647,0.012463113
648,2.00E-03
649,2.77E-03
650,2.64E-03
651,0.013121011
652,0.089270586
653,0.004842412
654,0.002092982
655,3.02E-03
656,0.58573151
657,0.017322171
658,0.007105041
659,0.017816707
660,2.95E-03
661,0.02723441
662,2.82E-03
663,2.99E-03
664,2.78E-03
665,0.003579104
666,0.111699939
667,0.004749379
668,3.61E-03
669,0.00663145
670,2.38E-03
671,0.006414236
672,0.002945767
673,2.04E-03
674,0.002175704
675,0.002278357
676,4.75E-03
677,0.056454353
678,3.35E-03
679,1.38E-01
680,2.63E-03
681,2.09E-03
682,2.98E-03
683,2.87E-02
684,0.013522331
685,0.009354066
686,0.007726745
687,0.001934618
688,0.007783637
689,2.74E-03
690,0.015968854
691,0.049942569
692,0.008629155
693,2.07E-03
694,0.002185223
695,0.011971975
696,0.002825167
697,0.019647763
698,0.016090592
699,3.16E-03
700,0.008693456
701,0.003362112
702,0.036142143
703,0.00686659
704,2.97E-03
705,0.010860664
706,2.79E-03
707,0.005909114
708,0.040360781
709,0.008368989
710,2.81E-03
711,2.53E-03
712,0.007138633
713,0.002210687
714,0.022314679
715,0.075032299
716,0.019805903
717,0.008890522
718,2.70E-03
719,0.002032868
720,0.009550001
721,2.35E-03
722,0.008762054
723,2.34E-03
724,2.48E-03
725,0.104828402
726,0.010782204
727,2.45E-03
728,0.009823437
729,0.112451386
730,0.004781153
731,0.005997185
732,8.74E-03
733,0.006611907
734,3.07E-03
735,2.56E-03
736,0.00579722
737,2.89E-03
738,0.011000089
739,0.142261966
740,3.51E-03
741,2.11E-03
742,3.13E-03
743,2.00E-03
744,0.011165691
745,2.10E-03
746,2.70E-03
747,0.014588369
748,0.042623264
749,0.00213137
750,2.39E-03
751,0.01696168
752,0.01759146
753,0.010500202
754,4.81E-03
755,2.74E-03
756,0.009233634
757,0.006639281
758,0.012242188
759,0.002301587
760,0.054750304
761,2.68E-03
762,2.11E-03
763,0.018988673
764,2.44E-03
765,0.042254481
766,0.015273288
767,2.16E-03
768,0.004094785
769,2.07E-03
770,2.13E-03
771,2.61E-03
772,2.66E-03
773,0.145480359
774,0.014523716
775,0.00404579
776,0.002383651
777,0.002002326
778,2.91E-03
779,3.74E-03
780,0.007018379
781,2.00E-03
782,0.006840693
783,0.031537959
784,0.017206602
785,0.066231845
786,0.003472136
787,0.020841485
788,2.00E-03
789,0.006904354
790,3.45E-03
791,0.035520174
792,3.22E-03
793,2.11E-03
794,0.015863678
795,0.002092992
796,0.012574699
797,2.24E-03
798,0.002200668
799,2.03E-03
800,2.20E-03
801,0.019783761
802,0.021140276
803,0.02155223
804,2.87E-03
805,0.002150759
806,0.011643233
807,2.39E-03
808,0.002365089
809,2.82E-03
810,5.10E-03
811,0.012291953
812,0.59249706
813,1.15E-02
814,3.01E-03
815,2.94E-03
816,0.00233944
817,0.005972895
818,0.014063134
819,7.11E-03
820,0.08288557
821,0.020340881
822,3.43E-03
823,0.004774575
824,0.005796887
825,0.007147203
826,0.007125408
827,0.005465613
828,7.15E-03
829,0.013159102
830,4.19E-03
831,2.69E-03
832,0.010494431
833,2.56E-03
834,0.013486955
835,0.013713045
836,2.97E-03
837,0.009630258
838,2.87E-03
839,3.17E-03
840,2.13E-03
841,0.015410694
842,0.057227957
843,0.030595202
844,0.009438686
845,0.113432877
846,0.010506443
847,2.90E-03
848,2.68E-03
849,0.019657666
850,0.016626364
851,7.25E-03
852,0.102133739
853,0.008219874
854,2.08E-03
855,0.004599966
856,2.09E-03
857,0.002248187
858,0.00760732
859,2.42E-03
860,2.06E-03
861,0.006351743
862,2.24E-03
863,0.00358453
864,0.013819217
865,0.018575405
866,0.027680341
867,0.002114948
868,3.84E-03
869,0.009729196
870,0.00205997
871,0.221270849
872,0.002997444
873,0.023675188
874,2.67E-03
875,0.00491112
876,0.010518686
877,0.006940823
878,6.15E-03
879,0.00491112
880,3.02E-03
881,2.79E-03
882,3.33E-03
883,2.62E-03
884,2.07E-03
885,0.029467701
886,0.011228928
887,0.002090805
888,0.004716009
889,0.025238335
890,2.19E-03
891,3.92E-03
892,3.31E-03
893,0.031853523
894,2.09E-03
895,0.010273867
896,3.00E-03
897,0.006422146
898,0.006871416
899,2.46E-03
900,0.046828475
901,4.80E-03
902,2.56E-03
903,2.43E-01
904,0.005875512
905,0.014498876
906,2.63E-03
907,2.96E-03
908,3.21E-03
909,0.010289061
910,2.48E-03
911,7.31E-03
912,0.006521191
913,0.212453495
914,2.15E-03
915,5.76E-03
916,0.00211657
917,0.010035697
918,0.039152111
919,0.004749391
920,4.17E-03
921,0.015440359
922,0.34165691
923,0.002061127
924,0.005624958
925,4.78E-03
926,3.23E-03
927,0.12886812
928,0.010757851
929,0.012923236
930,2.16E-03
931,2.53E-03
932,0.018463178
933,2.13E-03
934,0.017652749
935,0.013155039
936,0.002121896
937,0.005596942
938,0.006880111
939,1.94E-03
940,2.88E-03
941,0.044046513
942,0.002387065
943,2.00E-03
944,0.010752179
945,0.013765141
946,0.056563937
947,0.004884674
948,2.14E-03
949,0.009473694
950,2.05E-03
951,2.71E-03
952,3.12E-03
953,0.011008606
954,0.0502542
955,0.274380178
956,4.78E-03
957,0.011798704
958,0.09786161
959,0.017445402
960,3.95E-03
961,0.0905347
962,2.01E-03
963,0.002790881
964,0.021139189
965,1.98E-03
966,7.91E-03
967,2.30E-03
968,2.14E-03
969,0.00451041
970,0.00799241
971,0.067961969
972,4.94E-03
973,4.32E-03
974,0.035262271
975,3.38E-03
976,0.041054137
977,2.51E-03
978,0.010614189
979,2.46E-03
980,2.14E-03
981,0.009975071
982,2.28E-03
983,0.002026509
984,0.006822429
985,0.005537758
986,0.058565812
987,0.006324044
988,3.38E-03
989,0.006725795
990,2.20E-03
991,1.98E-03
992,0.017540392
993,0.024505687
994,0.013937755
995,3.09E-03
996,2.86E-03
997,0.002002325
998,0.006638208
999,2.90E-03
1000,6.54E-03
1001,0.010181897
1002,0.006582285
1003,2.01E-03
1004,0.384312219
1005,0.009329042
1006,0.007348002
1007,0.00778274
1008,0.017972412
1009,0.005797079
1010,0.02440402
1011,2.02E-03
1012,2.18E-03
1013,0.016816459
1014,0.125136156
1015,0.002034459
1016,0.00708561
1017,8.37E-03
1018,0.005920766
1019,6.33E-03
1020,0.012369976
1021,0.002336558
1022,5.70E-03
1023,0.011141387
1024,0.00880662
1025,0.073830825
1026,2.11E-03
1027,2.51E-03
1028,0.032890401
1029,0.004017901
1030,0.072274028
1031,0.027624598
1032,2.61E-03
1033,2.70E-03
1034,0.010339285
1035,0.02380527
1036,0.026296827
1037,0.007040171
1038,0.03688452
1039,2.02E-03
1040,0.050699582
1041,1.11E-01
1042,0.017061339
1043,0.012313485
1044,3.53E-03
1045,0.250479452
1046,0.016955672
1047,6.39E-03
1048,0.091014678
1049,0.079292828
1050,2.01E-03
1051,2.03E-03
1052,0.008589663
1053,2.61E-03
1054,0.006694728
1055,0.019685844
1056,0.007954596
1057,2.37E-03
1058,4.77E-03
1059,0.010126884
1060,0.006783419
1061,0.00232173
1062,0.010945525
1063,0.010280737
1064,3.30E-03
1065,2.31E-03
1066,0.002230559
1067,2.35E-03
1068,0.069057219
1069,2.88E-03
1070,0.015292319
1071,0.015601207
1072,0.005640019
1073,0.092049595
1074,1.41E-02
1075,0.013870301
1076,2.00E-03
1077,0.006652413
1078,0.003346803
1079,0.011420544
1080,2.52E-03
1081,0.002143583
1082,6.08E-03
1083,2.92E-03
1084,3.29E-03
1085,0.009404771
1086,3.65E-03
1087,2.14E-03
1088,0.016754489
1089,0.003694281
1090,0.049313284
1091,0.006245836
1092,0.01575007
1093,0.008398469
1094,2.39E-03
1095,0.007601465
1096,0.002679693
1097,2.05E-03
1098,2.23E-03
1099,0.055065815
1100,0.015783754
1101,0.033102541
1102,6.99E-03
1103,2.03E-03
1104,0.013347265
1105,0.00857722
1106,0.006978617
1107,1.22E-02
1108,0.020475656
1109,0.005374817
1110,2.80E-03
1111,0.00857373
1112,0.018464527
1113,0.047463508
1114,0.002682037
1115,2.10E-03
1116,2.60E-03
1117,3.56E-03
1118,2.91E-03
1119,0.081594902
1120,0.002754343
1121,0.01254922
1122,2.96E-03
1123,4.45E-02
1124,0.00201879
1125,0.048797795
1126,0.024462399
1127,3.32E-03
1128,0.014005614
1129,0.005955483
1130,0.009547504
1131,0.01453166
1132,0.032921812
1133,0.00243892
1134,2.89E-03
1135,0.002642371
1136,2.05E-03
1137,2.67E-03
1138,0.023195344
1139,2.10E-03
1140,0.020910345
1141,0.002046297
1142,0.025660057
1143,0.017645977
1144,0.006111608
1145,3.86E-03
1146,0.002835823
1147,0.086184655
1148,2.09E-02
1149,0.002150111
1150,2.73E-03
1151,0.012619382
1152,0.090194876
1153,2.25E-03
1154,4.62E-02
1155,0.012596658
1156,4.02E-03
1157,0.011949019
1158,0.003454959
1159,0.041817125
1160,2.09E-03
1161,0.01188355
1162,3.49E-03
1163,0.002387168
1164,2.22E-03
1165,3.93E-02
1166,1.92E-03
1167,0.012005728
1168,0.028268717
1169,0.010586562
1170,3.24E-03
1171,0.009928899
1172,2.28E-03
1173,0.019523728
1174,0.019126056
1175,2.02E-03
1176,2.71E-03
1177,0.198389472
1178,2.01E-03
1179,2.96E-03
1180,2.59E-03
1181,2.19E-03
1182,0.002719628
1183,8.55E-03
1184,0.003564739
1185,0.005990482
1186,0.007510977
1187,2.73E-03
1188,2.50E-03
1189,2.63E-03
1190,0.002829924
1191,2.22E-03
1192,0.005237743
1193,4.01E-03
1194,0.002136234
1195,0.014943999
1196,2.10E-03
1197,0.01345639
1198,0.175362904
1199,2.03E-03
1200,0.006285978
1201,3.11E-03
1202,0.008084904
1203,0.012172593
1204,0.002952295
1205,0.018921878
1206,0.002373223
1207,0.002527346
1208,0.027180547
1209,0.113203183
1210,0.011697718
1211,2.01E-03
1212,0.049951367
1213,0.012979003
1214,2.09E-03
1215,0.009409311
1216,0.060925514
1217,0.005931721
1218,0.062200186
1219,2.41E-03
1220,2.40E-03
1221,0.017542437
1222,0.002813987
1223,1.20E-02
1224,0.002059691
1225,0.006693665
1226,2.84E-03
1227,3.77E-03
1228,0.005959633
1229,0.057536345
1230,0.010103806
1231,2.09E-03
1232,2.04E-03
1233,0.033907029
1234,0.002560837
1235,0.002282927
1236,2.78E-03
1237,2.33E-03
1238,0.079694359
1239,0.039077122
1240,0.130523506
1241,2.96E-03
1242,5.12E-03
1243,4.90E-03
1244,0.002269431
1245,0.006459994
1246,2.16E-03
1247,0.014261901
1248,0.069129207
1249,0.015334989
1250,0.002046297
1251,2.61E-03
1252,2.44E-02
1253,0.224287404
1254,2.44E-03
1255,0.002814654
1256,0.00269263
1257,0.004068196
1258,0.00671257
1259,3.27E-03
1260,1.96E-03
1261,0.209174741
1262,0.011721022
1263,2.99E-03
1264,0.004849961
1265,0.002019234
1266,0.011069609
1267,3.02E-03
1268,3.13E-03
1269,3.55E-03
1270,3.41E-03
1271,2.68E-03
1272,6.01E-03
1273,0.011907905
1274,0.00205966
1275,0.009231432
1276,2.40E-03
1277,0.01001607
1278,0.009922247
1279,0.187198881
1280,0.002661706
1281,0.142903529
1282,0.020049685
1283,2.26E-03
1284,0.018594069
1285,2.53E-03
1286,0.027068225
1287,8.33E-03
1288,0.014069499
1289,0.349577782
1290,0.01285235
1291,2.33E-03
1292,2.01E-03
1293,0.002002326
1294,2.70E-03
1295,0.045995958
1296,2.38E-02
1297,0.008155922
1298,0.008990397
1299,3.42E-03
1300,0.005740769
1301,2.10E-03
1302,0.01544227
1303,0.112911308
1304,3.62E-03
1305,0.007682071
1306,4.20E-03
1307,4.30E-03
1308,0.020053524
1309,0.002848759
1310,2.66E-03
1311,0.002456211
1312,0.016633874
1313,2.98E-03
1314,1.98E-03
1315,2.87E-03
1316,2.80E-03
1317,2.99E-03
1318,0.040814135
1319,0.050226313
1320,0.012194814
1321,0.110444474
1322,2.65E-03
1323,0.014628114
1324,2.70E-03
1325,0.00316396
1326,0.016648875
1327,0.010420783
1328,0.0022176
1329,2.44E-03
1330,2.37E-03
1331,0.017325571
1332,3.86E-03
1333,2.29E-03
1334,2.76E-03
1335,0.006053098
1336,0.004300675
1337,0.010261379
1338,0.039653587
1339,0.007737329
1340,0.022519172
1341,0.006272603
1342,0.00863774
1343,0.012442181
1344,1.86E-03
1345,3.48E-03
1346,0.002321732
1347,0.006838241
1348,0.013730619
1349,0.00278245
1350,0.002049992
1351,0.002144486
1352,0.006641635
1353,2.31E-03
1354,0.012724536
1355,0.138663713
1356,2.58E-03
1357,3.19E-03
1358,0.010695612
1359,2.49E-03
1360,2.50E-03
1361,0.126039976
1362,0.008545738
1363,2.54E-03
1364,0.00541688
1365,0.002111501
1366,2.39E-03
1367,3.01E-03
1368,0.014904625
1369,0.029911576
1370,2.76E-03
1371,2.86E-03
1372,0.005129556
1373,3.32E-03
1374,2.78E-03
1375,0.010712175
1376,0.007544644
1377,0.002713185
1378,0.010739784
1379,0.002086375
1380,0.005347239
1381,2.91E-03
1382,0.017089983
1383,0.011814192
1384,0.015082085
1385,0.012338417
1386,0.015308652
1387,0.016180742
1388,0.00202651
1389,0.011173788
1390,2.36E-03
1391,0.018620935
1392,0.004735996
1393,0.004060444
1394,0.007406989
1395,0.00225836
1396,1.03E-02
1397,2.72E-03
1398,0.011610981
1399,0.140514383
1400,1.84E-03
1401,0.00598106
1402,0.035357868
1403,0.009864738
1404,2.28E-03
1405,0.006819731
1406,0.562849061
1407,3.15E-03
1408,2.86E-03
1409,2.56E-03
1410,4.58E-03
1411,2.76E-03
1412,2.97E-03
1413,6.00E-03
1414,2.23E-03
1415,0.0059244
1416,0.016870647
1417,0.002122056
1418,0.005243243
1419,0.009022344
1420,2.18E-03
1421,0.008266687
1422,0.009963298
1423,0.091254623
1424,2.02E-03
1425,3.01E-03
1426,5.71E-03
1427,2.26E-03
1428,0.012639024
1429,3.25E-03
1430,0.027497529
1431,2.54E-03
1432,0.019740607
1433,0.001998125
1434,2.81E-03
1435,2.30E-03
1436,0.009221794
1437,0.119347743
1438,2.45E-03
1439,0.019153181
1440,2.09E-03
1441,2.76E-03
1442,0.038336316
1443,0.004821536
1444,0.002887708
1445,0.007194712
1446,0.002714703
1447,2.05E-03
1448,3.80E-03
1449,0.003487154
1450,2.06E-03
1451,2.90E-03
1452,0.014984534
1453,2.32E-03
1454,0.008995813
1455,0.014818163
1456,3.40E-03
1457,0.004730449
1458,0.022340107
1459,4.97E-03
1460,0.0262724
1461,0.015680031
1462,0.009270089
1463,0.013014961
1464,0.028258476
1465,2.18E-03
1466,0.002725679
1467,0.006186145
1468,0.019532153
1469,2.67E-03
1470,0.016420138
1471,0.009559271
1472,2.03E-03
1473,2.01E-03
1474,0.002043497
1475,0.00881412
1476,0.047463172
1477,4.19E-03
1478,0.042899212
1479,0.013017377
1480,6.28E-03
1481,2.07E-03
1482,0.012224647
1483,0.003110194
1484,2.30E-03
1485,4.72E-03
1486,0.002649995
1487,0.048530321
1488,0.011193429
1489,0.00201879
1490,0.019209711
1491,3.16E-03
1492,2.26E-03
1493,2.11E-03
1494,0.014149774
1495,0.097971051
1496,0.013272604
1497,2.19E-03
1498,2.47E-03
1499,2.82E-03
1500,3.56E-03
1501,4.78E-03
1502,0.010414206
1503,0.002952934
1504,0.040582654
1505,0.01256514
1506,0.108253776
1507,0.007896805
1508,0.002258472
1509,0.014757531
1510,0.011260032
1511,0.005924637
1512,0.002439931
1513,2.30E-03
1514,0.010085527
1515,0.016868827
1516,0.0111917
1517,0.020242239
1518,2.77E-03
1519,0.009436115
1520,0.006111384
1521,2.75E-03
1522,0.007008676
1523,0.01623038
1524,2.22E-03
1525,2.18E-03
1526,7.68E-03
1527,2.01E-03
1528,3.14E-03
1529,3.49E-03
1530,2.05E-03
1531,4.75E-03
1532,2.04E-03
1533,0.002298952
1534,2.20E-03
1535,0.016727206
1536,0.006086845
1537,3.41E-03
1538,0.011097913
1539,0.011642094
1540,2.31E-03
1541,2.07E-03
1542,4.47E-03
1543,0.005742681
1544,0.008705161
1545,2.10E-03
1546,0.140331506
1547,2.06E-03
1548,2.76E-03
1549,0.017809545
1550,0.005233043
1551,0.002705987
1552,5.29E-03
1553,0.024434376
1554,0.001980552
1555,0.009989609
1556,6.10E-03
1557,2.95E-03
1558,0.578919789
1559,2.07E-03
1560,0.004702742
1561,0.264247953
1562,0.044620533
1563,2.77E-03
1564,0.005975709
1565,2.09E-03
1566,0.017716721
1567,2.68E-03
1568,2.10E-03
1569,0.015527711
1570,3.10E-03
1571,3.65E-03
1572,3.10E-03
1573,0.112293796
1574,0.011459819
1575,2.18E-03
1576,2.58E-03
1577,0.004848685
1578,0.039701672
1579,0.060576951
1580,0.191112304
1581,0.002057461
1582,2.96E-03
1583,2.65E-03
1584,3.72E-03
1585,0.007088041
1586,0.009331518
1587,2.37E-03
1588,0.085226825
1589,0.002275278
1590,0.012579214
1591,0.062319696
1592,3.73E-03
1593,0.500962192
1594,2.48E-03
1595,0.011720251
1596,2.14E-03
1597,0.016937427
1598,0.07533191
1599,2.20E-03
1600,0.008537012
1601,0.21377904
1602,2.77E-03
1603,2.11E-03
1604,0.015280098
1605,3.34E-03
1606,0.002181208
1607,1.98E-03
1608,0.005795824
1609,2.76E-03
1610,5.04E-02
1611,2.58E-03
1612,2.62E-03
1613,4.49E-03
1614,2.89E-03
1615,0.00690183
1616,2.45E-03
1617,0.002506599
1618,5.27E-03
1619,0.004031859
1620,0.002273867
1621,0.013058642
1622,0.018297159
1623,0.124724703
1624,2.79E-03
1625,0.003015447
1626,2.38E-03
1627,0.018797555
1628,0.073711565
1629,3.09E-03
1630,2.40E-03
1631,0.547977153
1632,0.013039339
1633,0.005929752
1634,0.014146868
1635,0.014176853
1636,3.11E-03
1637,0.002885253
1638,2.66E-03
1639,0.167820602
1640,0.015432395
1641,0.271249922
1642,0.019260924
1643,3.08E-03
1644,2.79E-03
1645,0.007068686
1646,3.30E-03
1647,2.77E-03
1648,0.085075052
1649,2.00E-03
1650,5.28E-02
1651,0.011538514
1652,4.57E-03
1653,1.98E-03
1654,2.09E-03
1655,0.005336758
1656,0.01168818
1657,0.015579576
1658,3.02E-03
1659,0.007758452
1660,2.50E-03
1661,0.042612339
1662,0.013829133
1663,2.24E-03
1664,0.0024315
1665,0.003001618
1666,0.010489521
1667,0.062000668
1668,3.06E-03
1669,0.010286325
1670,0.076318183
1671,0.01132523
1672,0.029897248
1673,2.00E-03
1674,0.083477778
1675,0.026688955
1676,2.66E-03
1677,2.63E-03
1678,0.110255755
1679,0.251495429
1680,0.015214745
1681,2.59E-03
1682,5.04E-03
1683,0.009596717
1684,3.13E-03
1685,2.56E-03
1686,0.030377458
1687,0.021794347
1688,2.97E-03
1689,4.78E-03
1690,0.002018784
1691,6.69E-03
1692,0.016087169
1693,2.37E-03
1694,0.004848831
1695,2.20E-03
1696,0.009868423
1697,0.017835966
1698,2.50E-03
1699,2.18E-03
1700,0.002054431
1701,0.061346469
1702,0.007533453
1703,2.82E-03
1704,2.65E-03
1705,0.155558378
1706,0.083142294
1707,0.002395106
1708,0.012470383
1709,3.39E-03
1710,0.017602215
1711,0.073206925
1712,3.11E-03
1713,2.95E-03
1714,1.12E-02
1715,2.30E-03
1716,2.65E-03
1717,0.009021084
1718,1.65E-02
1719,0.014390012
1720,0.031980891
1721,0.008216594
1722,0.002081037
1723,4.35E-03
1724,0.057886732
1725,0.007678648
1726,0.013674392
1727,0.075448335
1728,3.08E-03
1729,0.002902813
1730,0.015315088
1731,5.34E-03
1732,0.002002326
1733,0.00778196
1734,2.59E-03
1735,0.014018755
1736,2.09E-03
1737,0.01521756
1738,2.00E-03
1739,2.34E-03
1740,0.003663616
1741,0.006466744
1742,2.29E-03
1743,0.021658491
1744,2.62E-03
1745,0.002002326
1746,0.012487258
1747,0.013573644
1748,2.74E-03
1749,2.88E-03
1750,0.002089614
1751,0.005280085
1752,2.03E-03
1753,7.65E-03
1754,4.39E-03
1755,0.016559951
1756,0.004865421
1757,3.63E-03
1758,0.006155908
1759,4.02E-03
1760,0.110897209
1761,0.094386572
1762,0.087916553
1763,0.033225567
1764,0.002942378
1765,2.61E-03
1766,0.002018152
1767,0.125611339
1768,2.18E-02
1769,0.034956316
1770,1.92E-03
1771,0.060051972
1772,3.16E-03
1773,0.099486202
1774,3.15E-03
1775,2.53E-03
1776,0.022363561
1777,0.002854726
1778,2.23E-03
1779,0.007815229
1780,2.52E-03
1781,2.00E-03
1782,0.011574935
1783,3.11E-03
1784,4.51E-03
1785,0.017652334
1786,1.98E-03
1787,0.00315635
1788,0.011477126
1789,0.014629131
1790,0.017068389
1791,0.008655791
1792,2.28E-03
1793,1.94E-03
1794,0.033887436
1795,2.37E-03
1796,0.008885686
1797,2.25E-02
1798,2.95E-03
1799,0.127015927
1800,2.04E-03
1801,0.012007579
1802,2.90E-03
1803,0.069190805
1804,0.019869552
1805,0.274840607
1806,0.006758313
1807,0.00202651
1808,4.14E-03
1809,0.005797107
1810,2.22E-03
1811,6.39E-03
1812,2.55E-03
1813,0.007414412
1814,0.017099443
1815,0.015861554
1816,2.45E-03
1817,0.003658634
1818,0.012261076
1819,0.001985188
1820,0.013254207
1821,2.08E-03
1822,2.44E-03
1823,0.013855679
1824,2.67E-03
1825,4.21E-03
1826,0.016797821
1827,1.82E-03
1828,3.18E-03
1829,0.004293254
1830,0.086873387
1831,0.010297504
1832,0.037589517
1833,0.014108434
1834,0.506081874
1835,2.54E-03
1836,0.002298647
1837,1.27E-02
1838,0.002593594
1839,0.00611398
1840,2.63E-03
1841,0.014815226
1842,0.002505595
1843,0.075946236
1844,0.015542745
1845,0.002624737
1846,2.00E-03
1847,1.98E-03
1848,0.009738556
1849,4.78E-03
1850,6.09E-03
1851,0.002995293
1852,2.55E-03
1853,0.044300021
1854,0.002590173
1855,0.007847093
1856,2.73E-03
1857,0.009150514
1858,0.002266088
1859,3.03E-03
1860,2.49E-03
1861,2.65E-03
1862,0.012747068
1863,2.56E-03
1864,2.10E-03
1865,2.54E-03
1866,0.014401673
1867,0.06941743
1868,0.006053488
1869,2.07E-03
1870,0.06910574
1871,0.081715656
1872,2.02E-03
1873,4.75E-03
1874,0.002276748
1875,1.70E-02
1876,0.006700465
1877,0.008548856
1878,2.22E-03
1879,4.61E-03
1880,0.014187245
1881,3.00E-03
1882,2.73E-03
1883,2.48E-03
1884,0.011941681
1885,3.49E-03
1886,2.70E-03
1887,0.016698833
1888,2.38E-03
1889,3.02E-03
1890,0.024849868
1891,0.002236885
1892,0.001936965
1893,0.005572354
1894,0.01529341
1895,2.96E-03
1896,0.035564703
1897,0.03982467
1898,2.09E-03
1899,0.015715966
1900,2.40E-03
1901,0.04239586
1902,2.33E-03
1903,0.003159983
1904,0.016483637
1905,0.012798194
1906,0.00694483
1907,0.013078339
1908,0.011330745
1909,0.008705299
1910,3.55E-03
1911,2.96E-03
1912,4.79E-03
1913,0.013139236
1914,0.005435811
1915,3.52E-03
1916,0.016379192
1917,0.010498291
1918,1.08E-01
1919,2.32E-03
1920,2.00E-03
1921,2.91E-03
1922,2.24E-03
1923,2.01E-03
1924,0.011679826
1925,0.002229406
1926,0.016082323
1927,0.029693901
1928,0.010973634
1929,2.81E-03
1930,0.008836177
1931,0.021813052
1932,0.022797424
1933,0.001941142
1934,0.009382446
1935,0.011787849
1936,0.009310697
1937,0.002261401
1938,0.0054379
1939,0.041952018
1940,0.017656822
1941,0.037575817
1942,0.007922533
1943,1.84E-03
1944,0.023928394
1945,0.017661035
1946,2.50E-03
1947,0.015647664
1948,0.03649202
1949,2.44E-03
1950,3.93E-03
1951,0.006048573
1952,6.85E-02
1953,0.013054672
1954,0.023950829
1955,0.002341534
1956,0.004315856
1957,2.63E-03
1958,0.019302796
1959,3.03E-03
1960,0.0050569
1961,0.069928043
1962,0.011931291
1963,3.13E-03
1964,0.002372188
1965,0.07382825
1966,4.75E-03
1967,3.09E-03
1968,2.96E-03
1969,4.72E-03
1970,0.00484885
1971,0.020424806
1972,2.09E-03
1973,0.001836399
1974,0.012151623
1975,1.95E-03
1976,2.85E-03
1977,0.003051154
1978,0.013539049
1979,0.007391069
1980,2.41E-03
1981,4.43E-03
1982,0.015794595
1983,0.01186208
1984,2.60E-03
1985,0.002002326
1986,2.56E-03
1987,0.007186557
1988,5.00E-03
1989,3.12E-03
1990,2.02E-03
1991,0.016910395
1992,0.012521882
1993,0.006139313
1994,2.09E-03
1995,0.002002404
1996,0.088928041
1997,0.011858856
1998,0.00592063
1999,0.004848884
2000,0.001802404
2001,0.006741629
2002,2.63E-03
2003,4.58E-03
2004,2.09E-03
2005,3.43E-03
2006,0.027214643
2007,0.002266951
2008,0.124231293
2009,4.47E-02
2010,0.013504482
2011,4.85E-03
2012,2.46E-03
2013,2.21E-03
2014,0.012735131
2015,0.039291429
2016,0.114678051
2017,0.003924426
2018,0.003213143
2019,2.16E-03
2020,2.59E-03
2021,0.015113548
2022,3.05E-03
2023,0.19364891
2024,0.01195711
2025,2.38E-03
2026,0.002026509
2027,2.84E-03
2028,2.54E-03
2029,2.39E-03
2030,4.20E-03
2031,0.510725804
2032,0.008943241
2033,0.027794973
2034,2.47E-03
2035,0.016519382
2036,0.003479965
2037,0.096419055
2038,0.011308211
2039,0.01764029
2040,2.45E-03
2041,0.00843876
2042,2.52E-03
2043,0.201759316
2044,0.002145036
2045,2.25E-03
2046,2.52E-03
2047,2.53E-03
2048,4.60E-03
2049,8.97E-03
2050,0.005743906
2051,2.41E-03
2052,2.08E-03
2053,0.018760638
2054,0.079153082
2055,0.002093002
2056,0.002348206
2057,0.011255627
2058,4.75E-03
2059,0.014533216
2060,0.00748446
2061,3.55E-03
2062,0.043006991
2063,0.006310038
2064,0.04260442
2065,1.69E-02
2066,0.005012779
2067,0.003055786
2068,0.051933942
2069,0.026848742
2070,2.78E-03
2071,0.007585058
2072,0.008263049
2073,0.236389765
2074,2.36E-03
2075,0.022575479
2076,0.013453487
2077,2.52E-03
2078,0.004362673
2079,3.91E-03
2080,2.97E-03
2081,9.16E-03
2082,0.036487468
2083,0.011310249
2084,0.002720104
2085,2.21E-03
2086,2.99E-03
2087,0.030845506
2088,0.002429885
2089,2.33E-03
2090,0.002050068
2091,2.20E-03
2092,2.39E-03
2093,0.025142934
2094,0.007822952
2095,0.003014085
2096,3.49E-03
2097,0.015766283
2098,0.006378874
2099,2.03E-03
2100,0.013037759
2101,0.031013435
2102,0.042218858
2103,2.86E-02
2104,0.036710363
2105,0.007404488
2106,1.21E-02
2107,4.58E-03
2108,0.043883258
2109,0.007017112
2110,0.008547056
2111,2.62E-03
2112,2.53E-03
2113,2.74E-03
2114,0.002043496
2115,0.007355697
2116,0.005514333
2117,0.0053102
2118,0.014406274
2119,2.38E-03
2120,3.14E-03
2121,0.006068649
2122,0.009891751
2123,2.57E-03
2124,0.002079123
2125,0.004557579
2126,0.018949737
2127,0.041227655
2128,2.28E-03
2129,0.006969581
2130,2.93E-03
2131,0.002381873
2132,0.029889888
2133,0.008573329
2134,3.06E-03
2135,3.01E-03
2136,0.041476573
2137,2.20E-03
2138,2.99E-03
2139,3.01E-03
2140,2.44E-03
2141,2.41E-03
2142,0.046708512
2143,0.068588032
2144,0.014108064
2145,0.005796773
2146,3.38E-02
2147,4.79E-03
2148,0.01443756
2149,0.00240385
2150,6.61E-03
2151,0.01258094
2152,0.010375337
2153,0.014176636
2154,4.75E-03
2155,0.003315295
2156,2.87E-03
2157,0.012316226
2158,0.002059663
2159,2.04E-03
2160,0.032897611
2161,3.11E-03
2162,4.96E-03
2163,0.073377101
2164,0.019675837
2165,0.002928281
2166,0.247592378
2167,0.026913771
2168,3.02E-03
2169,0.008150386
2170,0.005927422
2171,2.59E-03
2172,0.004584799
2173,0.005795937
2174,0.005692027
2175,0.351978477
2176,0.012995115
2177,2.05E-03
2178,3.60E-03
2179,0.014768516
2180,0.04615515
2181,0.007031025
2182,2.96E-03
2183,0.006008796
2184,0.008564629
2185,2.72E-03
2186,0.00647769
2187,3.53E-03
2188,0.003206851
2189,2.35E-03
2190,0.01082978
2191,3.34E-03
2192,0.011374055
2193,0.014871667
2194,0.002143592
2195,0.044319009
2196,0.00729723
2197,0.033650187
2198,0.07035403
2199,0.008618276
2200,0.035643865
2201,0.002633991
2202,3.67E-03
2203,0.005056913
2204,2.67E-03
2205,0.003003924
2206,4.96E-03
2207,2.96E-03
2208,0.013015544
2209,0.024185228
2210,2.21E-03
2211,5.75E-03
2212,2.56E-03
2213,0.002094556
2214,3.57E-03
2215,0.003059739
2216,0.02424273
2217,0.017383763
2218,0.002448208
2219,0.002741919
2220,0.004781152
2221,2.88E-03
2222,0.002015477
2223,0.006775631
2224,0.043102788
2225,0.020924914
2226,0.002170725
2227,0.012540241
2228,0.018503043
2229,0.005682517
2230,0.035565923
2231,2.65E-03
2232,0.042565851
2233,0.013014122
2234,0.011720412
2235,0.092508156
2236,2.17E-03
2237,3.39E-03
2238,0.005795825
2239,2.09E-03
2240,0.008006783
2241,0.006486658
2242,0.022786409
2243,0.107390387
2244,2.36E-03
2245,0.002180804
2246,0.016065416
2247,0.007870184
2248,0.002232066
2249,2.08E-03
2250,0.002146551
2251,2.51E-03
2252,0.039772081
2253,1.09E-02
2254,0.011804209
2255,0.002266238
2256,2.06E-03
2257,2.00E-03
2258,0.006840315
2259,2.47E-03
2260,0.002037995
2261,2.01E-03
2262,2.07E-03
2263,2.95E-03
2264,2.64E-03
2265,2.20E-03
2266,1.10E-02
2267,0.008177017
2268,2.00E-03
2269,0.003366784
2270,0.072348743
2271,3.80E-03
2272,0.002071692
2273,0.005730149
2274,0.010822161
2275,0.008671752
2276,2.17E-03
2277,0.007299248
2278,0.052157216
2279,0.034804928
2280,0.00958425
2281,2.83E-03
2282,0.013718028
2283,3.00E-03
2284,0.006345601
2285,2.01E-03
2286,2.96E-03
2287,2.00E-03
2288,2.26E-03
2289,0.002018783
2290,2.47E-03
2291,0.003724438
2292,0.002240255
2293,2.80E-03
2294,2.21E-03
2295,0.051000038
2296,0.004704161
2297,0.018856976
2298,0.373440871
2299,2.13E-03
2300,0.053116848
2301,0.016175007
2302,1.21E-02
2303,0.029331987
2304,2.77E-03
2305,6.62E-03
2306,0.001841032
2307,0.002170714
2308,0.002002758
2309,0.015352343
2310,2.47E-03
2311,0.014644126
2312,0.034364645
2313,2.84E-03
2314,5.86E-03
2315,0.010153818
2316,0.138553678
2317,0.017620053
2318,2.61E-03
2319,0.580150191
2320,2.28E-03
2321,0.005795819
2322,2.16E-03
2323,3.24E-03
2324,5.56E-03
2325,0.010405813
2326,3.95E-03
2327,0.00459468
2328,3.13E-03
2329,0.009777963
2330,0.008496138
2331,2.66E-03
2332,0.005659141
2333,1.99E-03
2334,0.002608641
2335,0.059259293
2336,2.07E-03
2337,2.44E-03
2338,2.09E-03
2339,0.002026512
2340,0.020721375
2341,0.040295707
2342,0.066178224
2343,0.012389804
2344,2.02E-03
2345,2.52E-03
2346,2.24E-03
2347,2.14E-03
2348,0.040964323
2349,1.10E-02
2350,0.002639349
2351,0.060738112
2352,2.88E-03
2353,2.68E-03
2354,3.03E-03
2355,2.20E-03
2356,5.46E-03
2357,2.25E-03
2358,0.395576423
2359,4.28E-03
2360,0.001941143
2361,0.019715003
2362,0.023171328
2363,4.20E-03
2364,3.43E-03
2365,2.16E-03
2366,0.006961714
2367,0.011266981
2368,0.017124612
2369,0.070209445
2370,3.12E-03
2371,2.14E-03
2372,2.91E-03
2373,2.73E-03
2374,0.001941148
2375,0.036625138
2376,2.07E-03
2377,0.026907055
2378,0.011419483
2379,2.09E-03
2380,0.009914869
2381,0.019822716
2382,0.005568672
2383,0.041294238
2384,6.05E-02
2385,0.036483084
2386,0.005023691
2387,0.032091701
2388,0.011716556
2389,0.006449561
2390,4.87E-01
2391,0.019779427
2392,4.86E-03
2393,0.011394047
2394,0.017595282
2395,2.51E-03
2396,4.70E-03
2397,3.25E-03
2398,2.93E-03
2399,0.005854516
2400,0.008006754
2401,0.03918949
2402,2.49E-03
2403,1.75E-02
2404,0.041773267
2405,0.030466263
2406,0.008952826
2407,2.11E-03
2408,3.13E-03
2409,0.006133104
2410,0.008177883
2411,0.012581531
2412,2.21E-03
2413,0.008526312
2414,2.81E-03
2415,0.123114733
2416,0.024357669
2417,0.018027208
2418,0.023760672
2419,4.75E-03
2420,3.63E-03
2421,0.002832357
2422,0.238892082
2423,0.007567595
2424,0.002801675
2425,0.01719735
2426,0.047743996
2427,6.84E-03
2428,0.00194114
2429,0.081688972
2430,0.006618123
2431,0.0797436
2432,0.004304851
2433,2.57E-03
2434,3.04E-03
2435,0.066910388
2436,7.82E-03
2437,0.009036669
2438,0.005750888
2439,0.017558243
2440,0.002059661
2441,0.029682112
2442,0.012769582
2443,0.003630014
2444,2.04E-03
2445,4.88E-03
2446,0.018764798
2447,0.003412061
2448,0.002289894
2449,0.013848095
2450,2.48E-03
2451,0.015181833
2452,0.006882474
2453,0.019041249
2454,0.018277071
2455,2.51E-03
2456,0.003444611
2457,0.002369384
2458,2.68E-03
2459,8.85E-03
2460,0.007854819
2461,3.04E-03
2462,0.00221226
2463,2.77E-03
2464,3.35E-03
2465,2.62E-03
2466,2.27E-03
2467,9.96E-02
2468,0.002561857
2469,2.79E-03
2470,0.004736731
2471,0.005802794
2472,0.003157651
2473,2.20E-03
2474,0.038703443
2475,5.04E-03
2476,0.009440345
2477,2.49E-03
2478,0.294089192
2479,2.07E-03
2480,0.009166772
2481,9.77E-03
2482,2.19E-03
2483,2.64E-03
2484,3.55E-03
2485,2.65E-03
2486,2.95E-03
2487,0.014507016
2488,2.21E-03
2489,0.002093039
2490,0.110333585
2491,2.89E-03
2492,4.15E-03
2493,4.78E-03
2494,0.00706477
2495,3.76E-03
2496,5.32E-03
2497,2.96E-03
2498,2.67E-03
2499,2.04E-03
2500,0.009220142
2501,2.01E-03
2502,0.008658465
2503,2.57E-03
2504,2.68E-03
2505,0.030664075
2506,0.006509037
2507,0.018143569
2508,1.94E-02
2509,0.327582955
2510,9.46E-03
2511,2.11E-03
2512,8.49E-03
2513,0.004267255
2514,2.27E-03
2515,0.027820148
2516,3.10E-03
2517,3.69E-03
2518,0.004975861
2519,0.002213597
2520,2.07E-03
2521,0.006999694
2522,0.014797445
2523,0.05661205
2524,6.00E-03
2525,3.11E-03
2526,0.184723514
2527,7.01E-03
2528,2.41E-03
2529,0.016753082
2530,2.18E-03
2531,0.088297872
2532,2.57E-03
2533,4.84E-03
2534,2.00E-03
2535,0.046085376
2536,0.011349358
2537,0.065060456
2538,3.65E-03
2539,2.26E-03
2540,2.05E-02
2541,6.28E-03
2542,0.012955645
2543,0.006914269
2544,0.014239676
2545,0.010430019
2546,0.004850131
2547,2.96E-03
2548,3.63E-03
2549,4.43E-02
2550,0.017013225
2551,5.21E-02
2552,2.50E-03
2553,2.88E-03
2554,2.24E-03
2555,0.006257127
2556,8.25E-03
2557,2.30E-03
2558,2.93E-03
2559,7.44E-03
2560,0.002018789
2561,4.72E-03
2562,0.005384043
2563,0.039284341
2564,0.16679653
2565,2.69E-03
2566,0.002841283
2567,0.012455802
2568,0.010961408
2569,0.013551298
2570,1.84E-03
2571,2.87E-03
2572,4.27E-03
2573,0.160720274
2574,0.002590257
2575,0.006097126
2576,6.02E-03
2577,2.09E-03
2578,3.36E-03
2579,0.043162766
2580,0.00649799
2581,2.27E-03
2582,0.008034828
2583,2.08E-03
2584,0.002629802
2585,0.006811752
2586,0.002438363
2587,0.002506606
2588,4.25E-03
2589,2.49E-03
2590,0.028366194
2591,1.03E-02
2592,0.00202651
2593,2.08E-03
2594,2.59E-03
2595,0.008145178
2596,0.031039169
2597,0.009497055
2598,3.06E-03
2599,0.002071003
2600,2.12E-03
2601,0.013761954
2602,7.64E-03
2603,8.62E-03
2604,4.42E-03
2605,0.048772778
2606,2.73E-03
2607,0.022319224
2608,2.63E-03
2609,0.02361659
2610,2.04E-03
2611,0.009202612
2612,0.00399697
2613,3.71E-03
2614,3.94E-03
2615,2.09E-03
2616,0.031750992
2617,0.002219102
2618,6.85E-03
2619,2.59E-03
2620,1.96E-03
2621,0.014511088
2622,1.97E-03
2623,3.62E-03
2624,0.055882035
2625,2.98E-02
2626,3.49E-03
2627,0.014230087
2628,2.83E-03
2629,0.018232134
2630,0.015991119
2631,0.031310212
2632,3.38E-03
2633,0.015136359
2634,0.02694915
2635,0.018277872
2636,0.013296492
2637,0.002903447
2638,1.98E-03
2639,3.38E-03
2640,0.003043307
2641,0.017979412
2642,0.007209344
2643,0.002613676
2644,0.007120279
2645,0.002271969
2646,2.36E-02
2647,0.002868708
2648,0.006189367
2649,0.00277769
2650,2.47E-03
2651,0.002008825
2652,0.011929733
2653,2.12E-03
2654,2.00E-03
2655,0.012562717
2656,2.93E-03
2657,2.43E-03
2658,2.00E-03
2659,0.013789388
2660,0.009041414
2661,0.17002602
2662,0.002504306
2663,2.67E-03
2664,2.13E-03
2665,2.73E-03
2666,0.00442164
2667,0.041570848
2668,0.008225833
2669,3.52E-03
2670,2.32E-03
2671,0.016534985
2672,2.54E-02
2673,2.00E-03
2674,3.58E-03
2675,0.008175244
2676,5.16E-03
2677,2.00E-03
2678,0.002737753
2679,0.002354641
2680,2.65E-03
2681,0.015940289
2682,0.052240129
2683,0.030475776
2684,0.020036567
2685,0.002194345
2686,0.012357268
2687,1.83E-03
2688,0.005647479
2689,0.017414463
2690,2.76E-03
2691,0.01443421
2692,0.00240311
2693,4.91E-03
2694,2.93E-03
2695,0.002835088
2696,0.046206272
2697,2.63E-03
2698,0.00644468
2699,0.004848685
2700,0.010145756
2701,0.009829695
2702,2.65E-03
2703,0.006290899
2704,0.014601602
2705,2.90E-03
2706,3.51E-03
2707,0.027854743
2708,0.009715807
2709,2.00E-03
2710,7.17E-03
2711,2.04E-03
2712,0.055987309
2713,2.56E-03
2714,2.47E-03
2715,0.005178342
2716,0.017896864
2717,0.001985188
2718,2.06E-03
2719,2.00E-03
2720,2.46E-03
2721,0.019258759
2722,2.95E-03
2723,2.82E-03
2724,0.006903054
2725,3.03E-03
2726,3.04E-03
2727,0.124883764
2728,0.012368083
2729,1.99E-03
2730,2.20E-03
2731,2.39E-03
2732,0.017147164
2733,0.035724153
2734,2.08E-03
2735,2.01E-03
2736,2.96E-03
2737,0.002872661
2738,0.007561094
2739,0.015072088
2740,0.022189785
2741,0.010350332
2742,0.007779361
2743,0.005800406
2744,0.036609331
2745,0.006047683
2746,0.009836046
2747,2.68E-03
2748,0.001903959
2749,0.008978982
2750,2.55E-03
2751,0.01382128
2752,2.69E-03
2753,0.016913252
2754,0.016957335
2755,2.07E-03
2756,0.32607775
2757,0.00770842
2758,5.92E-03
2759,2.00E-03
2760,0.002139348
2761,2.49E-03
2762,0.03091489
2763,2.62E-03
2764,0.334169784
2765,0.00202651
2766,2.80E-03
2767,2.42E-03
2768,0.00691579
2769,0.009967766
2770,0.011133457
2771,0.115337533
2772,2.62E-03
2773,2.55E-03
2774,0.070174585
2775,0.00738256
2776,4.80E-03
2777,3.06E-03
2778,0.047638063
2779,0.01097773
2780,0.016630886
2781,0.048396884
2782,3.26E-03
2783,0.00201879
2784,0.019708137
2785,2.58E-03
2786,0.011069896
2787,0.012175709
2788,0.015169696
2789,0.114029909
2790,0.015680031
2791,5.51E-03
2792,0.025369225
2793,0.018909356
2794,0.018463308
2795,0.007718506
2796,0.003838367
2797,3.56E-03
2798,0.025582855
2799,0.004431964
2800,0.017053626
2801,2.81E-03
2802,0.00213515
2803,0.002201003
2804,2.89E-03
2805,0.012031085
2806,0.008129349
2807,0.066236166
2808,0.087533408
2809,2.51E-03
2810,0.027944969
2811,2.33E-03
2812,0.006544335
2813,0.005805987
2814,0.005018687
2815,0.012432642
2816,0.002015478
2817,2.18E-03
2818,3.35E-03
2819,0.017168868
2820,0.006050612
2821,0.013693035
2822,0.016628357
2823,0.017789154
2824,0.002008581
2825,0.003962174
2826,1.47E-01
2827,0.010587975
2828,0.00595929
2829,5.48E-03
2830,0.010718914
2831,0.005757447
2832,0.002846154
2833,3.77E-03
2834,0.00544824
2835,0.006429358
2836,0.015860671
2837,2.71E-03
2838,0.549949175
2839,0.013091988
2840,0.006009783
2841,0.005614377
2842,4.38E-02
2843,0.002951789
2844,0.003016483
2845,2.34E-03
2846,0.013439147
2847,0.015716653
2848,2.86E-03
2849,6.14E-03
2850,3.19E-03
2851,0.002061023
2852,0.002707515
2853,0.033124748
2854,2.47E-03
2855,2.64E-03
2856,0.007843648
2857,0.002149975
2858,0.021549805
2859,0.003109569
2860,0.00198561
2861,0.028023617
2862,0.00622547
2863,2.53E-03
2864,2.68E-03
2865,0.003191588
2866,0.004756801
2867,3.69E-03
2868,1.83E-03
2869,2.50E-03
2870,0.002663755
2871,0.007201701
2872,0.077190695
2873,0.012369495
2874,2.50E-03
2875,0.028919734
2876,0.008815001
2877,6.97E-03
2878,0.020513511
2879,0.013050821
2880,2.89E-03
2881,0.010252598
2882,0.018828135
2883,2.04E-03
2884,0.007535113
2885,3.00E-03
2886,0.008513711
2887,2.65E-03
2888,0.020139169
2889,0.128480331
2890,0.066232134
2891,3.42E-03
2892,0.005745763
2893,0.480133423
2894,2.90E-03
2895,0.008885582
2896,0.027214403
2897,2.12E-03
2898,2.71E-03
2899,3.27E-03
2900,3.01E-03
2901,2.13E-03
2902,0.002338943
2903,0.002269113
2904,0.002116179
2905,0.015928748
2906,0.002110267
2907,0.120303062
2908,0.046556164
2909,3.18E-03
2910,0.014380607
2911,0.023462466
2912,0.017623568
2913,2.80E-03
2914,2.06E-03
2915,0.005920642
2916,2.82E-03
2917,2.68E-03
2918,0.002141303
2919,0.010737489
2920,3.14E-03
2921,0.008894598
2922,0.006720356
2923,2.74E-03
2924,3.33E-03
2925,0.067432872
2926,0.018242547
2927,0.008892349
2928,3.18E-03
2929,5.54E-03
2930,2.64E-03
2931,2.00E-03
2932,5.02E-03
2933,2.20E-03
2934,3.81E-03
2935,2.57E-03
2936,2.96E-03
2937,0.014799502
2938,0.002122127
2939,0.002398389
2940,2.89E-03
2941,0.002033314
2942,4.85E-03
2943,0.002165551
2944,2.77E-03
2945,0.015081078
2946,2.51E-03
2947,1.84E-02
2948,0.007857516
2949,2.88E-03
2950,0.003016483
2951,0.020205995
2952,0.014340392
2953,0.007684586
2954,0.012301902
2955,3.87E-03
2956,0.007574128
2957,0.014437953
2958,3.38E-03
2959,2.95E-03
2960,0.024990922
2961,0.002173874
2962,0.005795939
2963,0.004839792
2964,2.00E-03
2965,2.44E-03
2966,0.003723799
2967,2.45E-03
2968,0.002219868
2969,2.10E-03
2970,0.006963825
2971,0.087016162
2972,2.01E-03
2973,2.96E-03
2974,0.008216019
2975,0.005745236
2976,2.44E-03
2977,0.008828731
2978,1.76E-02
2979,0.051023398
2980,3.73E-03
2981,0.014988175
2982,0.528492961
2983,3.16E-03
2984,0.028117402
2985,3.60E-03
2986,0.015351302
2987,0.049237365
2988,0.075408961
2989,0.420616741
2990,0.005681177
2991,2.37E-03
2992,0.076347371
2993,0.010254667
2994,0.008149642
2995,5.55E-03
2996,0.017098362
2997,2.60E-03
2998,0.002119355
2999,0.006610826
3000,0.05547823
3001,2.00E-03
3002,0.005796966
3003,0.009967371
3004,0.017479344
3005,2.04E-03
3006,0.011981693
3007,2.65E-03
3008,0.124205727
3009,0.010184013
3010,0.015640263
3011,0.004715834
3012,0.141474502
3013,0.00777391
3014,2.65E-03
3015,0.012335151
3016,1.50E-02
3017,0.032652806
3018,5.34E-03
3019,0.004811755
3020,0.006636983
3021,2.36E-03
3022,0.023449467
3023,0.033014739
3024,0.010201102
3025,0.019875446
3026,0.011993643
3027,1.98E-03
3028,2.04E-03
3029,2.03E-03
3030,0.047175156
3031,0.002026511
3032,0.048843247
3033,6.31E-03
3034,0.00341473
3035,2.83E-03
3036,2.22E-03
3037,0.005450249
3038,2.44E-03
3039,0.003721921
3040,2.00E-03
3041,0.007068489
3042,0.013222486
3043,0.00753557
3044,0.014402327
3045,2.11E-03
3046,0.018231019
3047,3.30E-03
3048,0.014388585
3049,0.014763682
3050,0.003523425
3051,2.98E-03
3052,0.003231002
3053,0.016658605
3054,0.05307111
3055,0.056864191
3056,3.11E-03
3057,3.01E-03
3058,2.58E-02
3059,4.13E-03
3060,0.003282959
3061,0.05832348
3062,0.019133725
3063,0.008043735
3064,0.008243089
3065,0.006367067
3066,0.005646167
3067,0.002142832
3068,0.00467721
3069,5.13E-03
3070,2.80E-03
3071,3.41E-03
3072,2.04E-03
3073,0.011347462
3074,2.07E-03
3075,0.026686241
3076,0.004781446
3077,0.027740416
3078,6.73E-03
3079,3.05E-03
3080,2.53E-03
3081,0.005674293
3082,1.99E-03
3083,0.006520593
3084,8.29E-02
3085,0.007947293
3086,0.016452006
3087,2.64E-03
3088,2.53E-03
3089,0.02992889
3090,2.20E-03
3091,0.040017577
3092,0.026293082
3093,2.73E-03
3094,0.012483223
3095,0.002037733
3096,0.009028067
3097,0.002236901
3098,1.69E-02
3099,0.01473644
3100,0.003646963
3101,0.020481672
3102,0.00365791
3103,3.22E-03
3104,2.94E-03
3105,0.00727848
3106,0.010932072
3107,2.84E-03
3108,0.012532239
3109,2.63E-03
3110,3.09E-03
3111,0.002058481
3112,2.44E-03
3113,0.015035102
3114,0.01367769
3115,2.01E-03
3116,2.10E-03
3117,0.050453916
3118,2.98E-03
3119,0.05644641
3120,2.00E-03
3121,0.007860949
3122,0.006940017
3123,0.009876805
3124,0.033946264
3125,0.002190757
3126,3.86E-03
3127,0.108303475
3128,2.60E-03
3129,0.008037079
3130,2.85E-03
3131,2.01E-03
3132,0.025913724
3133,2.14E-03
3134,3.05E-03
3135,0.007991227
3136,0.00258597
3137,3.07E-03
3138,2.53E-03
3139,0.0021105
3140,9.20E-03
3141,4.05E-02
3142,0.009682157
3143,0.290465434
3144,2.95E-03
3145,0.015171544
3146,2.96E-03
3147,0.015922971
3148,0.112671562
3149,2.49E-03
3150,0.006102572
3151,0.01824479
3152,0.002144577
3153,2.60E-03
3154,0.029428552
3155,0.007522751
3156,7.81E-03
3157,1.07E-02
3158,4.75E-03
3159,2.77E-03
3160,0.035411634
3161,0.00246154
3162,2.02E-03
3163,0.0195016
3164,0.153009451
3165,0.002399188
3166,0.023946752
3167,0.371658814
3168,0.002836999
3169,1.07E-02
3170,0.00812252
3171,0.019176042
3172,0.00669028
3173,6.26E-03
3174,0.06901738
3175,2.00E-03
3176,2.41E-03
3177,3.01E-03
3178,0.00998091
3179,0.005526169
3180,0.005708334
3181,0.033744362
3182,0.002057435
3183,0.006863242
3184,6.93E-03
3185,0.610699504
3186,2.86E-03
3187,0.009621483
3188,0.00202651
3189,0.009051623
3190,0.007050998
3191,0.021963077
3192,2.71E-03
3193,0.002044847
3194,0.011969764
3195,2.62E-03
3196,0.029563825
3197,1.88E-03
3198,0.082446531
3199,0.00194114
3200,0.200451544
3201,0.006089599
3202,2.77E-03
3203,0.060594494
3204,0.018280673
3205,0.016764908
3206,0.014023796
3207,0.038073783
3208,0.010235167
3209,2.07E-03
3210,2.66E-03
3211,0.008343844
3212,2.67E-01
3213,2.98E-03
3214,0.008306728
3215,8.11E-03
3216,0.009505494
3217,3.25E-03
3218,0.006757513
3219,0.008066437
3220,2.80E-03
3221,2.03E-03
3222,0.011327427
3223,0.011096658
3224,0.002836467
3225,2.77E-03
3226,0.031473502
3227,0.009851813
3228,2.20E-03
3229,0.013487642
3230,2.70E-03
3231,0.029268472
3232,0.046292872
3233,0.004782847
3234,0.003227169
3235,0.708558889
3236,2.56E-03
3237,2.63E-03
3238,0.019634758
3239,0.010649619
3240,0.097111526
3241,0.01387049
3242,0.149954658
3243,0.005409847
3244,2.90E-03
3245,2.99E-03
3246,2.99E-03
3247,2.64E-03
3248,2.71E-03
3249,0.012863528
3250,0.01356796
3251,2.86E-03
3252,0.005871755
3253,3.13E-03
3254,0.026742868
3255,0.002034458
3256,0.018063001
3257,0.008955261
3258,0.011156713
3259,0.00201879
3260,2.94E-03
3261,0.005797216
3262,0.064349953
3263,0.019226564
3264,0.013374313
3265,0.00938911
3266,2.15E-03
3267,2.75E-03
3268,0.066772963
3269,0.036970101
3270,0.010759171
3271,2.62E-03
3272,2.15E-03
3273,0.115920295
3274,0.008628103
3275,3.45E-03
3276,0.030256156
3277,2.06E-03
3278,0.05774025
3279,0.008664903
3280,6.12E-03
3281,2.28E-03
3282,0.01201894
3283,2.85E-03
3284,2.70E-03
3285,2.97E-03
3286,0.345043847
3287,0.004781446
3288,0.010406792
3289,0.006201098
3290,2.44E-03
3291,0.005341196
3292,2.75E-03
3293,0.01281527
3294,0.022188622
3295,0.002846154
3296,0.023116015
3297,2.00E-03
3298,4.17E-03
3299,0.212145625
3300,0.017641939
3301,0.013755004
3302,2.00E-03
3303,0.116780168
3304,0.012205255
3305,0.014444322
3306,2.74E-03
3307,2.84E-03
3308,0.258785655
3309,0.005340912
3310,2.05E-03
3311,2.25E-03
3312,0.010459368
3313,2.49E-03
3314,3.56E-03
3315,0.004994864
3316,0.013762747
3317,2.47E-03
3318,0.067542137
3319,0.013511933
3320,0.260407597
3321,2.64E-03
3322,3.24E-03
3323,0.03067418
3324,2.10E-03
3325,0.002285504
3326,2.92E-03
3327,0.009733182
3328,2.61E-03
3329,2.92E-03
3330,0.002064085
3331,4.54E-03
3332,2.75E-03
3333,2.02E-03
3334,0.01388846
3335,2.96E-03
3336,4.27E-03
3337,3.08E-03
3338,5.75E-03
3339,4.20E-03
3340,0.073463716
3341,0.003993217
3342,2.10E-03
3343,0.03197903
3344,0.3867749
3345,0.066743406
3346,0.002953405
3347,0.00584016
3348,0.021715491
3349,0.006374713
3350,0.172440264
3351,2.12E-03
3352,0.014504464
3353,0.578956317
3354,0.006566286
3355,2.85E-03
3356,0.002070573
3357,2.07E-03
3358,0.012569173
3359,3.01E-03
3360,2.61E-03
3361,0.049259276
3362,4.73E-03
3363,0.042554064
3364,0.013262275
3365,0.02244726
3366,0.067451614
3367,2.20E-03
3368,0.00698622
3369,0.007674631
3370,0.020493492
3371,0.01440021
3372,2.70E-03
3373,0.024580148
3374,0.066999676
3375,0.006087148
3376,1.04E-02
3377,0.011957566
3378,0.004387264
3379,2.05E-03
3380,2.26E-03
3381,2.36E-03
3382,2.51E-03
3383,0.021247202
3384,0.008527133
3385,0.011930034
3386,0.001985185
3387,2.31E-03
3388,0.012502678
3389,0.081952575
3390,0.012585732
3391,0.021884379
3392,0.005797198
3393,3.02E-03
3394,0.008565676
3395,2.43E-03
3396,0.00581267
3397,2.38E-03
3398,2.05E-03
3399,0.009789549
3400,0.002754561
3401,0.023210753
3402,0.005819614
3403,2.40E-03
3404,0.017887633
3405,2.30E-03
3406,0.011668114
3407,0.007269502
3408,0.009795583
3409,2.59E-03
3410,2.66E-03
3411,2.09E-03
3412,2.43E-03
3413,1.87E-02
3414,4.05E-03
3415,2.98E-03
3416,2.36E-03
3417,2.42E-03
3418,0.040557177
3419,0.017848965
3420,2.07E-03
3421,0.013767479
3422,2.01E-03
3423,4.88E-03
3424,0.020729887
3425,0.016520319
3426,0.017551516
3427,2.51E-03
3428,3.45E-03
3429,5.04E-03
3430,2.08E-03
3431,3.03E-03
3432,0.002513125
3433,0.007465133
3434,1.66E-02
3435,4.89E-03
3436,0.00201879
3437,0.002162483
3438,0.014620587
3439,2.09E-03
3440,2.81E-03
3441,2.20E-03
3442,3.02E-03
3443,2.53E-03
3444,0.062162733
3445,0.01941351
3446,0.009759981
3447,2.80E-03
3448,0.012514241
3449,0.011430433
3450,2.65E-03
3451,0.002542638
3452,0.00647872
3453,2.09E-03
3454,0.013423818
3455,0.002128658
3456,0.022911776
3457,0.002552285
3458,0.002149675
3459,2.80E-03
3460,0.158616918
3461,2.94E-03
3462,0.010976565
3463,0.050865013
3464,0.02015266
3465,0.007189735
3466,0.015324329
3467,0.002740683
3468,0.0208659
3469,0.053802256
3470,0.002407334
3471,0.059435657
3472,0.042925707
3473,0.007688299
3474,0.003016209
3475,0.002437952
3476,0.016764698
3477,2.56E-03
3478,2.46E-03
3479,0.018651792
3480,0.015217678
3481,2.89E-03
3482,0.002213297
3483,2.89E-03
3484,0.005610343
3485,0.002478196
3486,0.072491691
3487,0.03821734
3488,0.002654081
3489,0.002481494
3490,0.018686329
3491,2.48E-03
3492,0.013964665
3493,0.002777591
3494,0.014765035
3495,0.007917098
3496,2.11E-03
3497,2.91E-03
3498,0.059533202
3499,0.021915669
3500,2.77E-03
3501,0.001984627
3502,0.00870256
3503,0.002767166
3504,0.008489703
3505,0.040380835
3506,3.11E-03
3507,0.022892058
3508,0.011900607
3509,0.185354495
3510,2.37E-03
3511,2.66E-03
3512,3.76E-03
3513,0.021338539
3514,0.010112444
3515,2.05E-03
3516,0.016330421
3517,0.009036671
3518,0.009637693
3519,0.600713434
3520,0.006992549
3521,2.15E-03
3522,0.006754205
3523,1.99E-03
3524,0.046384831
3525,8.92E-03
3526,2.86E-03
3527,3.85E-03
3528,0.012254731
3529,0.067377828
3530,0.00634823
3531,0.021188569
3532,2.26E-03
3533,0.005880034
3534,0.015418051
3535,0.47679075
3536,3.06E-03
3537,0.026604345
3538,0.039577838
3539,2.88E-03
3540,0.016567849
3541,2.72E-03
3542,0.008929547
3543,6.11E-03
3544,1.98E-03
3545,0.169777053
3546,0.012490036
3547,0.014196087
3548,0.045731541
3549,2.99E-03
3550,9.53E-03
3551,2.56E-03
3552,0.006076804
3553,3.19E-03
3554,0.016271266
3555,2.00E-03
3556,4.41E-03
3557,0.013110453
3558,0.302566744
3559,0.004190295
3560,0.002208992
3561,0.041045891
3562,0.012288038
3563,0.029939703
3564,0.006773224
3565,3.57E-02
3566,0.043104236
3567,0.009746893
3568,0.008352301
3569,0.165760203
3570,0.008063836
3571,0.007407152
3572,0.416760905
3573,0.011628812
3574,0.027538056
3575,0.008485548
3576,5.92E-03
3577,0.008870776
3578,0.055142459
3579,0.015672333
3580,0.022776304
3581,2.71E-03
3582,0.033421804
3583,0.002057424
3584,4.91E-03
3585,2.00E-03
3586,0.010260969
3587,0.013320254
3588,2.80E-03
3589,0.005413701
3590,2.05E-03
3591,1.91E-02
3592,0.053980679
3593,2.64E-03
3594,0.025190854
3595,0.006432584
3596,3.51E-03
3597,0.035781335
3598,1.42E-02
3599,0.017983638
3600,2.10E-03
3601,2.50E-03
3602,0.105472163
3603,2.27E-03
3604,2.99E-03
3605,0.011699483
3606,0.015866636
3607,0.02021865
3608,3.11E-03
3609,0.006120091
3610,2.44E-03
3611,0.002258344
3612,0.009315597
3613,0.009586548
3614,3.37E-02
3615,3.16E-03
3616,0.020035755
3617,2.10E-03
3618,0.001999266
3619,0.005787595
3620,4.62E-03
3621,0.004990167
3622,0.010542873
3623,0.007105722
3624,0.009231653
3625,0.010610859
3626,0.017775443
3627,3.10E-03
3628,0.126527366
3629,0.012756058
3630,0.028065166
3631,0.002417136
3632,0.062437352
3633,2.08E-03
3634,2.93E-03
3635,0.00221861
3636,0.015483485
3637,2.83E-03
3638,0.017242444
3639,4.75E-03
3640,0.005257636
3641,0.003388726
3642,0.01674759
3643,0.010208097
3644,0.02099445
3645,2.02E-03
3646,0.032696495
3647,2.28E-03
3648,0.006907102
3649,3.86E-03
3650,3.03E-03
3651,0.050823063
3652,2.77E-03
3653,0.027351137
3654,0.005796916
3655,2.04E-03
3656,0.007972014
3657,3.18E-03
3658,2.77E-03
3659,2.83E-03
3660,0.002945271
3661,3.51E-03
3662,0.005391923
3663,0.004619336
3664,3.83E-03
3665,2.00E-03
3666,2.70E-03
3667,0.133724144
3668,2.64E-03
3669,9.61E-03
3670,0.009752985
3671,0.004848673
3672,3.37E-03
3673,0.014220535
3674,3.22E-03
3675,0.020058448
3676,2.73E-03
3677,2.83E-03
3678,3.50E-03
3679,0.040757199
3680,0.028630186
3681,6.47E-03
3682,0.031157932
3683,2.16E-03
3684,0.012369819
3685,0.014637306
3686,3.24E-03
3687,0.189120804
3688,4.23E-03
3689,0.013708174
3690,0.021134894
3691,2.21E-03
3692,2.13E-03
3693,3.61E-03
3694,2.30E-03
3695,0.017612119
3696,0.047145214
3697,0.006432764
3698,0.005921998
3699,5.02E-03
3700,4.36E-03
3701,2.91E-03
3702,0.027126316
3703,0.002279016
3704,2.66E-03
3705,0.002509423
3706,2.01E-03
3707,5.86E-03
3708,0.010168098
3709,0.003589276
3710,2.86E-03
3711,0.002561547
3712,0.261021265
3713,0.005796622
3714,0.009525303
3715,0.001941143
3716,3.31E-03
3717,0.002569101
3718,0.002033318
3719,2.97E-03
3720,0.031771847
3721,0.014863037
3722,0.175780949
3723,0.012805187
3724,0.00201879
3725,2.71E-03
3726,0.016995018
3727,3.60E-03
3728,0.010009625
3729,0.00652912
3730,0.521888156
3731,0.063620413
3732,2.35E-02
3733,0.004552225
3734,2.93E-03
3735,0.020362007
3736,0.007405862
3737,3.52E-03
3738,2.07E-03
3739,1.08E-02
3740,2.86E-03
3741,0.021901372
3742,2.73E-03
3743,5.42E-03
3744,0.006414672
3745,2.36E-03
3746,3.21E-03
3747,0.015224469
3748,0.330283407
3749,0.010076208
3750,0.002111512
3751,0.007205392
3752,5.92E-03
3753,0.033716507
3754,4.75E-03
3755,0.002670237
3756,0.013846818
3757,0.002170732
3758,2.00E-03
3759,4.73E-03
3760,0.002200393
3761,2.32E-03
3762,0.011717515
3763,0.003068406
3764,0.045169291
3765,0.016043758
3766,0.142324294
3767,0.008630391
3768,0.004125127
3769,2.10E-03
3770,0.328815833
3771,0.18425868
3772,0.011623499
3773,2.71E-03
3774,0.017528341
3775,0.061578929
3776,0.002015479
3777,0.017627965
3778,2.03E-03
3779,3.44E-03
3780,0.002002499
3781,0.001985603
3782,0.056334498
3783,0.019302796
3784,0.028726048
3785,0.021169267
3786,2.00E-03
3787,2.16E-03
3788,0.002144485
3789,0.113334904
3790,0.014069236
3791,0.005335667
3792,0.002170716
3793,2.65E-03
3794,2.60E-03
3795,2.68E-03
3796,3.09E-03
3797,0.007110914
3798,3.20E-03
3799,0.04197977
3800,2.20E-03
3801,0.006798007
3802,0.014050477
3803,2.55E-03
3804,0.009841252
3805,0.095396851
3806,0.01202747
3807,0.016875856
3808,2.40E-03
3809,2.88E-03
3810,0.002037691
3811,0.010011472
3812,2.11E-03
3813,6.97E-02
3814,0.004894461
3815,0.049673153
3816,0.006794802
3817,0.010637263
3818,0.047947338
3819,0.007086318
3820,0.03795737
3821,0.058841293
3822,0.009948928
3823,0.006889954
3824,2.03E-03
3825,0.012118582
3826,2.34E-03
3827,2.31E-03
3828,2.63E-03
3829,0.006315564
3830,0.010398899
3831,0.005906956
3832,0.01069899
3833,2.08E-02
3834,2.10E-03
3835,0.015036029
3836,0.029185714
3837,0.032685122
3838,0.002149668
3839,3.56E-03
3840,1.94E-03
3841,2.01E-03
3842,0.004410622
3843,0.00592506
3844,0.015324678
3845,2.96E-03
3846,0.009496084
3847,0.008345742
3848,0.030893351
3849,0.008523098
3850,0.014714884
3851,0.002784662
3852,0.007052159
3853,2.65E-03
3854,2.40E-03
3855,0.015823315
3856,5.85E-03
3857,0.011942003
3858,3.34E-03
3859,0.194461667
3860,2.26E-03
3861,0.003441193
3862,2.59E-03
3863,0.015042812
3864,0.117808075
3865,0.002002326
3866,0.001902589
3867,2.42E-03
3868,0.00217206
3869,2.03E-03
3870,0.044213411
3871,0.007962086
3872,2.66E-03
3873,0.046910204
3874,1.59E-02
3875,0.010360575
3876,0.002257782
3877,8.22E-02
3878,0.007574547
3879,7.00E-03
3880,0.024011803
3881,0.250621409
3882,0.016787444
3883,0.06796693
3884,0.03038935
3885,0.00190032
3886,0.035068429
3887,0.006956292
3888,0.016988013
3889,2.96E-03
3890,2.93E-03
3891,0.005052355
3892,3.32E-03
3893,2.01E-03
3894,0.002110267
3895,0.007528885
3896,0.077150216
3897,3.27E-03
3898,0.01330153
3899,0.002002048
3900,0.002339916
3901,2.04E-03
3902,2.94E-03
3903,0.442183109
3904,2.07E-03
3905,2.15E-03
3906,0.031405648
3907,2.78E-03
3908,2.01E-03
3909,0.002448061
3910,0.002411303
3911,2.23E-03
3912,7.86E-03
3913,1.84E-03
3914,0.005921634
3915,0.006710017
3916,0.003270369
3917,0.039228489
3918,0.019427269
3919,0.048451557
3920,0.005074683
3921,3.08E-03
3922,0.019394539
3923,0.03235111
3924,2.28E-03
3925,0.040544607
3926,5.80E-03
3927,2.97E-03
3928,0.136310479
3929,5.86E-03
3930,3.08E-02
3931,0.01436831
3932,0.009758914
3933,3.49E-03
3934,5.07E-03
3935,0.034503637
3936,2.20E-03
3937,0.002336264
3938,0.002900067
3939,2.68E-03
3940,0.01419764
3941,4.85E-03
3942,4.71E-03
3943,0.002144224
3944,0.009630885
3945,2.75E-03
3946,0.053262844
3947,0.008706719
3948,0.002283544
3949,0.111764868
3950,0.013159121
3951,2.25E-03
3952,2.44E-02
3953,0.007982572
3954,5.13E-03
3955,0.017168868
3956,2.87E-03
3957,0.016024038
3958,0.002069746
3959,2.70E-03
3960,0.033807856
3961,0.004924929
3962,0.043214875
3963,0.05613908
3964,0.008769821
3965,2.70E-03
3966,2.10E-03
3967,2.08E-03
3968,0.024991936
3969,0.097262267
3970,0.002115466
3971,2.58E-03
3972,2.10E-03
3973,0.007656531
3974,0.002949591
3975,0.017143143
3976,2.46E-03
3977,0.005797106
3978,0.004980859
3979,2.45E-03
3980,0.042743205
3981,0.007804446
3982,0.011623545
3983,0.020204149
3984,2.24E-03
3985,0.007012141
3986,2.30E-03
3987,2.02E-03
3988,0.018072382
3989,0.0093961
3990,0.011603083
3991,2.04E-03
3992,2.81E-03
3993,1.98E-03
3994,3.90E-03
3995,0.004713629
3996,2.95E-03
3997,1.73E-02
3998,0.00799531
3999,0.36543978
4000,2.60E-03
4001,2.51E-03
4002,0.00478244
4003,3.30E-03
4004,0.008573837
4005,0.044607398
4006,3.27E-03
4007,0.008385306
4008,2.69E-03
4009,0.007442238
4010,0.006540446
4011,0.042736112
4012,0.002136269
4013,0.00201879
4014,0.03749265
4015,0.020289862
4016,0.012194539
4017,7.10E-03
4018,0.006017183
4019,2.04E-03
4020,2.99E-03
4021,0.021853858
4022,0.010158939
4023,0.006849158
4024,2.20E-03
4025,2.30E-02
4026,2.58E-03
4027,3.41E-03
4028,0.101358083
4029,0.009012309
4030,2.82E-03
4031,2.00E-03
4032,0.019436423
4033,2.00E-03
4034,0.006986216
4035,2.67E-03
4036,0.01068414
4037,0.011789672
4038,0.002678905
4039,0.00754087
4040,0.01897723
4041,0.01523277
4042,0.133631959
4043,0.029191887
4044,3.60E-03
4045,0.013540916
4046,0.009633391
4047,0.002724763
4048,0.014678695
4049,0.00221224
4050,0.009446402
4051,2.22E-03
4052,0.018639408
4053,0.02305062
4054,0.041603271
4055,5.31E-02
4056,0.10397508
4057,0.007621507
4058,0.004148209
4059,0.002083152
4060,0.002159659
4061,0.009313659
4062,2.35E-03
4063,2.34E-03
4064,0.027979266
4065,0.006187628
4066,0.002866166
4067,3.72E-03
4068,2.31E-03
4069,0.026857464
4070,2.38E-03
4071,0.016362484
4072,0.013569573
4073,4.78E-03
4074,0.011035162
4075,2.34E-03
4076,0.046148693
4077,0.005482836
4078,0.034519576
4079,3.52E-03
4080,2.91E-03
4081,0.11044118
4082,0.266403695
4083,0.005800394
4084,2.92E-03
4085,2.87E-03
4086,0.007394242
4087,0.002020003
4088,0.005921131
4089,1.86E-03
4090,0.49025503
4091,0.014631281
4092,0.016431604
4093,0.00572776
4094,0.02326989
4095,0.002199198
4096,2.52E-03
4097,2.00E-03
4098,3.62E-03
4099,0.012115816
4100,0.072549437
4101,0.002741133
4102,0.062246536
4103,3.16E-03
4104,0.011659868
4105,0.035255206
4106,4.01E-03
4107,0.088671924
4108,0.009243462
4109,0.019219557
4110,0.007316669
4111,0.10162245
4112,0.002329072
4113,2.38E-03
4114,0.005804599
4115,2.80E-03
4116,0.07190221
4117,0.030824312
4118,0.009834564
4119,2.15E-03
4120,2.20E-03
4121,0.010890373
4122,2.31E-03
4123,2.80E-03
4124,0.035737173
4125,6.64E-03
4126,0.034321312
4127,0.002002326
4128,0.068151889
4129,0.004781446
4130,2.49E-03
4131,0.027703327
4132,0.011197738
4133,2.03E-03
4134,0.010979318
4135,1.60E-02
4136,0.002911137
4137,2.11E-03
4138,3.37E-03
4139,0.002576778
4140,0.015411987
4141,0.010636489
4142,0.002383928
4143,2.63E-03
4144,0.002002326
4145,0.005718955
4146,3.07E-03
4147,5.67E-03
4148,2.65E-03
4149,0.519860896
4150,0.133220359
4151,2.85E-03
4152,0.001988867
4153,2.73E-03
4154,0.002303211
4155,0.093981923
4156,0.002540466
4157,0.022945534
4158,0.00301334
4159,0.004503061
4160,0.024063293
4161,0.040315054
4162,0.002718344
4163,0.013725694
4164,0.017707711
4165,0.006730701
4166,2.00E-03
4167,0.008653
4168,2.10E-03
4169,0.004911123
4170,0.013535466
4171,0.012318068
4172,4.85E-03
4173,0.009148486
4174,0.02216158
4175,2.11E-03
4176,0.001985185
4177,0.002058481
4178,3.32E-03
4179,2.13E-03
4180,0.056054559
4181,0.025196993
4182,0.012682575
4183,2.72E-03
4184,0.016830165
4185,0.116187619
4186,0.058259152
4187,3.20E-03
4188,2.54E-03
4189,0.004608337
4190,2.04E-03
4191,0.01742027
4192,2.76E-03
4193,0.394350887
4194,2.05E-03
4195,0.069139183
4196,2.85E-03
4197,0.00590288
4198,0.149032086
4199,0.011108992
4200,0.005750047
4201,0.005920768
4202,0.030769853
4203,0.005796116
4204,0.004927338
4205,0.020651281
4206,0.1285068
4207,2.36E-03
4208,0.026975056
4209,2.99E-03
4210,0.030898415
4211,0.002715865
4212,0.012144954
4213,2.40E-03
4214,3.49E-03
4215,2.75E-02
4216,3.05E-03
4217,0.070506868
4218,0.012729975
4219,0.067481784
4220,2.84E-02
4221,2.57E-03
4222,0.002973023
4223,5.54E-03
4224,0.006185594
4225,0.055423626
4226,2.30E-03
4227,0.006868771
4228,0.005188821
4229,2.85E-03
4230,0.024886548
4231,0.011711065
4232,0.012464026
4233,0.010363354
4234,0.002077365
4235,2.23E-03
4236,2.55E-03
4237,2.58E-03
4238,0.002034458
4239,2.47E-03
4240,2.57E-03
4241,0.002108001
4242,0.003327095
4243,0.037473287
4244,0.005980932
4245,3.55E-03
4246,2.82E-03
4247,2.28E-03
4248,0.01035216
4249,0.002694573
4250,2.87E-03
4251,0.013127986
4252,0.00923503
4253,0.014121874
4254,2.09E-03
4255,0.023344079
4256,0.011942589
4257,0.009443915
4258,0.034957369
4259,2.96E-03
4260,2.24E-03
4261,2.37E-03
4262,2.00E-03
4263,0.008593496
4264,4.87E-03
4265,2.62E-03
4266,2.27E-03
4267,2.09E-03
4268,0.005796281
4269,0.2516247
4270,5.13E-03
4271,0.031190332
4272,6.13E-02
4273,2.52E-03
4274,0.061320468
4275,0.270209815
4276,0.002146271
4277,2.69E-03
4278,0.004848673
4279,3.69E-03
4280,2.81E-03
4281,0.010242924
4282,0.007152342
4283,3.38E-03
4284,2.81E-03
4285,0.015663947
4286,2.56E-03
4287,4.39E-03
4288,3.92E-02
4289,4.55E-03
4290,2.56E-03
4291,0.006164153
4292,0.01951935
4293,2.00E-03
4294,2.98E-03
4295,0.149913857
4296,3.19E-03
4297,1.06E-02
4298,0.011149418
4299,0.002867057
4300,0.011492784
4301,2.26E-03
4302,2.17E-03
4303,2.89E-03
4304,0.010225119
4305,0.00534608
4306,2.04E-03
4307,2.89E-03
4308,2.00E-03
4309,0.02342375
4310,0.002574001
4311,0.016226154
4312,0.120484517
4313,2.69E-03
4314,0.004911116
4315,0.002059661
4316,0.01698861
4317,0.651744759
4318,6.11E-03
4319,2.31E-03
4320,0.015388118
4321,0.047364025
4322,0.008875278
4323,1.98E-03
4324,0.00440686
4325,0.047600866
4326,3.32E-03
4327,0.065753367
4328,0.004224179
4329,2.90E-03
4330,0.008196488
4331,5.83E-03
4332,0.017939091
4333,0.018460569
4334,0.011643083
4335,0.010106319
4336,2.72E-03
4337,2.28E-03
4338,2.42E-03
4339,3.09E-03
4340,0.011924216
4341,0.50326484
4342,0.002224595
4343,2.40E-03
4344,0.01480203
4345,0.050000359
4346,2.82E-03
4347,3.34E-03
4348,0.012714277
4349,6.28E-03
4350,0.007039375
4351,0.631467063
4352,0.00473059
4353,0.007654751
4354,2.22E-03
4355,2.94E-03
4356,0.056915817
4357,2.28E-03
4358,2.12E-03
4359,0.015126762
4360,0.021986903
4361,0.055836669
4362,0.021088769
4363,2.21E-03
4364,1.84E-03
4365,2.80E-03
4366,0.020834276
4367,0.051377093
4368,4.91E-03
4369,0.028390513
4370,6.53E-03
4371,0.009278114
4372,0.002278433
4373,2.51E-03
4374,2.03E-03
4375,0.002026522
4376,0.019651934
4377,0.040254287
4378,0.00205966
4379,4.44E-03
4380,0.018165302
4381,2.69E-03
4382,0.003228301
4383,3.40E-03
4384,0.726995109
4385,3.21E-03
4386,2.65E-03
4387,0.012421207
4388,0.005747208
4389,2.64E-03
4390,3.73E-03
4391,0.008145284
4392,0.002026509
4393,0.025639863
4394,0.008293439
4395,2.83E-03
4396,0.019352728
4397,2.09E-03
4398,0.002002327
4399,3.17E-03
4400,0.008439897
4401,0.006867652
4402,2.50E-03
4403,2.34E-03
4404,2.95E-03
4405,2.67E-03
4406,0.008604235
4407,0.016073982
4408,0.01843737
4409,2.16E-03
4410,0.011067046
4411,3.59E-03
4412,0.010323853
4413,0.010144651
4414,0.003023691
4415,0.00327015
4416,0.002117813
4417,0.034861175
4418,2.79E-03
4419,0.002590355
4420,2.58E-03
4421,2.58E-03
4422,0.007055129
4423,0.04236586
4424,2.67E-03
4425,2.00E-03
4426,3.88E-03
4427,2.00E-03
4428,0.018402929
4429,2.09E-03
4430,0.035378941
4431,0.108611608
4432,0.006108929
4433,0.011516076
4434,0.006780687
4435,0.066589735
4436,0.001985185
4437,2.07E-03
4438,0.005348702
4439,1.01E-02
4440,0.02184011
4441,3.27E-03
4442,0.002589478
4443,0.006190241
4444,0.002662845
4445,0.01597586
4446,0.0025926
4447,0.007954787
4448,3.81E-03
4449,2.42E-03
4450,2.94E-03
4451,0.001976689
4452,0.118716488
4453,0.005625007
4454,0.01783943
4455,0.011974276
4456,0.069294071
4457,0.010669694
4458,0.009539269
4459,0.006815543
4460,0.029416022
4461,0.00625231
4462,2.56E-03
4463,2.00E-03
4464,0.008072822
4465,0.00619193
4466,2.38E-03
4467,0.007901835
4468,2.28E-03
4469,0.00311565
4470,2.56E-03
4471,2.68E-03
4472,4.25E-03
4473,0.011751442
4474,0.003345873
4475,0.017321326
4476,0.035984893
4477,0.002466058
4478,0.061062789
4479,0.013870632
4480,2.01E-03
4481,0.029929136
4482,0.003331795
4483,0.005978875
4484,0.002776778
4485,0.004387336
4486,2.16E-03
4487,2.10E-03
4488,0.009987459
4489,2.46E-03
4490,3.59E-03
4491,0.005728422
4492,0.007387845
4493,2.90E-03
4494,2.55E-03
4495,4.80E-03
4496,0.122680574
4497,3.06E-03
4498,0.240384956
4499,2.81E-03
4500,0.017827276
4501,0.00835651
4502,2.80E-03
4503,0.133316159
4504,3.44E-03
4505,2.03E-03
4506,0.003352075
4507,4.03E-03
4508,2.50E-03
4509,0.006827112
4510,0.00305836
4511,2.96E-03
4512,2.00E-03
4513,0.002059898
4514,0.01582225
4515,0.006306858
4516,2.52E-03
4517,2.82E-03
4518,2.96E-03
4519,2.87E-03
4520,0.022590127
4521,0.006788397
4522,0.009560775
4523,0.002210518
4524,2.62E-03
4525,2.28E-03
4526,0.002611048
4527,4.97E-03
4528,0.005867366
4529,0.005986136
4530,2.16E-03
4531,0.002891629
4532,0.015475235
4533,2.63E-03
4534,0.009510026
4535,0.025244939
4536,0.009246395
4537,0.002564035
4538,0.028562531
4539,0.005677571
4540,0.014856498
4541,0.006692702
4542,0.005178322
4543,0.009191795
4544,0.016153708
4545,2.48E-03
4546,4.05E-03
4547,2.26E-03
4548,2.00E-03
4549,7.16E-03
4550,2.43E-03
4551,2.91E-03
4552,0.004290057
4553,2.90E-03
4554,2.15E-03
4555,7.03E-03
4556,2.95E-03
4557,0.012037084
4558,0.014053371
4559,0.079329647
4560,2.78E-03
4561,0.009156729
4562,0.014071516
4563,0.029047581
4564,2.47E-03
4565,0.006053396
4566,0.015579352
4567,0.443426874
4568,9.74E-03
4569,0.014241737
4570,0.002034459
4571,1.99E-03
4572,0.00205966
4573,3.66E-03
4574,2.50E-03
4575,2.11E-03
4576,0.025502013
4577,0.002201321
4578,0.014508358
4579,2.75E-03
4580,0.008067365
4581,2.54E-03
4582,0.005795809
4583,0.344696366
4584,3.80E-03
4585,0.002002326
4586,0.007149462
4587,0.04136782
4588,2.65E-02
4589,0.023195178
4590,3.20E-03
4591,0.005037506
4592,0.021698147
4593,5.95E-03
4594,3.11E-03
4595,0.003689435
4596,0.045417371
4597,4.78E-03
4598,0.01370492
4599,2.00E-03
4600,0.011872465
4601,0.042077231
4602,2.46E-03
4603,0.003025258
4604,0.379677028
4605,1.09E-02
4606,7.88E-02
4607,0.034663137
4608,2.42E-03
4609,2.80E-03
4610,2.66E-03
4611,2.13E-03
4612,1.47E-02
4613,3.06E-03
4614,0.021115554
4615,2.60E-03
4616,0.00230785
4617,0.016966972
4618,0.002404594
4619,2.61E-03
4620,0.002657781
4621,0.012959376
4622,2.52E-03
4623,0.145249323
4624,4.85E-03
4625,2.77E-03
4626,2.24E-03
4627,2.27E-03
4628,5.48E-03
4629,0.002481856
4630,2.18E-03
4631,2.00E-03
4632,0.002247305
4633,0.3746745
4634,0.261361576
4635,0.002339841
4636,2.52E-03
4637,2.48E-03
4638,0.006352523
4639,2.91E-03
4640,0.061932153
4641,0.011973738
4642,0.015217512
4643,0.011744873
4644,2.58E-03
4645,4.01E-03
4646,0.011548788
4647,3.62E-03
4648,0.124633762
4649,0.004782613
4650,0.010044935
4651,0.004775395
4652,0.002002326
4653,0.00579759
4654,0.002193082
4655,0.073915573
4656,2.14E-03
4657,0.017856086
4658,2.70E-03
4659,0.013033056
4660,0.005725434
4661,0.01061687
4662,0.010872446
4663,2.07E-03
4664,0.005352729
4665,2.13E-03
4666,0.024418137
4667,0.016849996
4668,2.55E-03
4669,0.017689319
4670,2.94E-03
4671,2.52E-03
4672,0.005549343
4673,0.002534875
4674,2.04E-03
4675,2.81E-03
4676,0.152969532
4677,3.17E-03
4678,3.43E-03
4679,0.002471993
4680,0.014653689
4681,0.005803552
4682,2.41E-03
4683,2.87E-03
4684,2.90E-03
4685,4.03E-03
4686,0.016190918
4687,2.93E-03
4688,0.015862702
4689,0.03325806
4690,2.00E-03
4691,0.011596252
4692,0.017197392
4693,2.28E-03
4694,0.002576398
4695,0.03846857
4696,0.012467029
4697,0.006432225
4698,0.009297742
4699,0.006243169
4700,3.21E-03
4701,0.006289862
4702,0.011665812
4703,3.13E-03
4704,2.33E-03
4705,0.002823546
4706,2.67E-03
4707,2.49E-02
4708,2.00E-03
4709,0.00769852
4710,2.09E-03
4711,0.20824413
4712,0.010402958
4713,2.39E-03
4714,2.65E-03
4715,1.92E-03
4716,0.005485088
4717,2.55E-03
4718,2.00E-03
4719,0.024789726
4720,0.008164715
4721,0.05120749
4722,2.71E-03
4723,0.006870138
4724,0.064351668
4725,2.00E-03
4726,0.206546415
4727,2.19E-03
4728,0.013131663
4729,0.35920586
4730,0.006085596
4731,0.052926759
4732,0.00859944
4733,3.13E-03
4734,0.005798783
4735,0.003671632
4736,2.09E-03
4737,3.41E-03
4738,0.005178464
4739,0.006881483
4740,0.059640148
4741,0.011753695
4742,0.012051753
4743,0.009781546
4744,0.018255481
4745,0.005987717
4746,0.002168141
4747,0.041113205
4748,0.368599728
4749,2.65E-03
4750,0.002002325
4751,0.002536781
4752,2.05E-03
4753,0.008746545
4754,2.83E-03
4755,0.01209392
4756,0.004518477
4757,0.002960578
4758,0.00846397
4759,2.61E-03
4760,0.057615943
4761,3.05E-03
4762,0.006017607
4763,3.55E-03
4764,0.478020197
4765,0.255280596
4766,2.33E-03
4767,0.004237742
4768,7.56E-03
4769,0.016987571
4770,0.016970455
4771,0.017297093
4772,0.002934848
4773,0.009063732
4774,0.217820162
4775,0.011257092
4776,6.29E-03
4777,1.94E-03
4778,3.54E-03
4779,1.94E-03
4780,2.12E-03
4781,6.89E-03
4782,2.53E-03
4783,7.29E-02
4784,0.008823304
4785,2.56E-03
4786,2.47E-03
4787,2.49E-03
4788,0.020336047
4789,0.00320662
4790,0.007244504
4791,0.002247029
4792,0.030247301
4793,0.020476113
4794,0.009045323
4795,0.006965415
4796,0.00592193
4797,0.088339037
4798,1.89E-03
4799,1.04E-02
4800,0.011864036
4801,4.06E-03
4802,2.71E-03
4803,2.11E-03
4804,0.026031892
4805,2.76E-02
4806,0.002162093
4807,0.364512197
4808,0.002129907
4809,3.53E-03
4810,0.005871755
4811,0.024288573
4812,0.101291979
4813,2.38E-03
4814,2.19E-03
4815,0.105182811
4816,0.013304365
4817,0.040463449
4818,2.37E-03
4819,3.00E-03
4820,0.093073027
4821,0.005797319
4822,2.45E-03
4823,0.256468998
4824,0.020772633
4825,2.43E-03
4826,2.09E-03
4827,0.038997516
4828,0.010291643
4829,3.15E-03
4830,0.076902297
4831,2.04E-03
4832,2.09E-03
4833,8.86E-03
4834,2.28E-03
4835,0.011271858
4836,1.36E-02
4837,2.53E-03
4838,2.73E-03
4839,0.005313499
4840,2.36E-03
4841,0.017909922
4842,2.00E-03
4843,0.002854484
4844,0.024746428
4845,0.00480263
4846,0.005589994
4847,0.002298404
4848,0.005926785
4849,0.002601115
4850,2.67E-03
4851,0.009058984
4852,2.73E-03
4853,2.51E-03
4854,2.94E-03
4855,0.011437249
4856,0.011731968
4857,1.98E-03
4858,2.94E-03
4859,0.002107241
4860,2.09E-03
4861,0.012130912
4862,2.46E-03
4863,0.013797145
4864,0.00684015
4865,2.09E-03
4866,0.009740465
4867,2.03E-03
4868,2.13E-03
4869,2.22E-03
4870,0.002117812
4871,4.02E-03
4872,4.50E-02
4873,0.004813051
4874,0.004049058
4875,0.00955147
4876,0.011150309
4877,2.00E-03
4878,0.027720439
4879,0.003733547
4880,0.002638091
4881,0.035255577
4882,0.008599925
4883,3.59E-03
4884,0.136959801
4885,2.52E-03
4886,2.52E-03
4887,0.015956307
4888,0.017239743
4889,3.64E-03
4890,6.05E-03
4891,0.00235625
4892,0.006205024
4893,3.04E-03
4894,0.060399356
4895,0.029162213
4896,0.01281139
4897,0.002121123
4898,2.89E-03
4899,0.018242547
4900,0.043305198
4901,2.44E-03
4902,2.30E-03
4903,0.011234425
4904,3.06E-03
4905,2.06E-03
4906,3.21E-03
4907,2.46E-03
4908,3.30E-03
4909,0.008872378
4910,0.026847066
4911,0.007209674
4912,0.024195597
4913,0.140351617
4914,0.007813323
4915,3.28E-02
4916,0.012941967
4917,2.70E-03
4918,0.154651564
4919,0.006189693
4920,0.014993976
4921,4.59E-02
4922,0.018231
4923,3.25E-02
4924,0.002086885
4925,5.36E-03
4926,0.006976209
4927,2.47E-03
4928,0.002751947
4929,0.050121399
4930,0.004027324
4931,0.094297973
4932,2.59E-03
4933,0.009606581
4934,2.45E-03
4935,0.007847061
4936,2.13E-03
4937,0.00226284
4938,1.20E-02
4939,0.002720555
4940,0.00202651
4941,0.001985185
4942,0.017347144
4943,1.66E-02
4944,0.017322104
4945,0.007091149
4946,0.017503433
4947,0.009276772
4948,2.96E-03
4949,0.002002336
4950,0.00245414
4951,0.05975327
4952,0.101659657
4953,2.55E-03
4954,0.002826959
4955,2.83E-03
4956,0.011573285
4957,0.010780485
4958,3.33E-03
4959,0.023248242
4960,2.10E-03
4961,0.068885604
4962,0.014942942
4963,0.00672373
4964,4.77E-03
4965,0.001841032
4966,2.41E-03
4967,0.117340898
4968,3.06E-03
4969,0.002550024
4970,2.38E-03
4971,2.70E-03
4972,1.98E-03
4973,0.019388937
4974,3.42E-03
4975,9.44E-03
4976,0.055726102
4977,0.009896678
4978,0.010673344
4979,0.006548992
4980,0.011063681
4981,2.74E-03
4982,0.007252295
4983,1.98E-03
4984,0.006852705
4985,0.011606274
4986,0.010673277
4987,2.91E-03
4988,0.013573626
4989,2.56E-03
4990,2.04E-03
4991,0.005962558
4992,0.013355765
4993,0.013027091
4994,0.007653151
4995,0.002889868
4996,0.002580021
4997,3.14E-03
4998,3.49E-03
4999,4.00E-03
5000,0.007378677
